115205.430095,0.174963,state,track,"reticle, cursor_proportional_y",0.0048
115205.541153,0.28572,state,track,"reticle, cursor_proportional_y",0.004628
115205.656925,0.402404,state,track,"reticle, cursor_proportional_y",0.004455
115205.756957,0.502513,state,track,"reticle, cursor_proportional_y",0.004282
115205.859634,0.604976,state,track,"reticle, cursor_proportional_y",0.004109
115205.959959,0.705325,state,track,"reticle, cursor_proportional_y",0.003935
115206.075838,0.821274,state,track,"reticle, cursor_proportional_y",0.003761
115206.193623,0.939061,state,track,"reticle, cursor_proportional_y",0.003585
115206.310268,1.054768,state,track,"reticle, cursor_proportional_y",0.007267
115206.41028,1.155363,state,track,"reticle, cursor_proportional_y",0.010949
115206.525991,1.271119,state,track,"reticle, cursor_proportional_y",0.014629
115206.626214,1.371258,state,track,"reticle, cursor_proportional_y",0.018308
115206.742612,1.487877,state,track,"reticle, cursor_proportional_y",0.021986
115206.859579,1.604607,state,track,"reticle, cursor_proportional_y",0.025663
115206.959478,1.704608,state,track,"reticle, cursor_proportional_y",0.029339
115207.07609,1.821293,state,track,"reticle, cursor_proportional_y",0.033013
115207.192768,1.937987,state,track,"reticle, cursor_proportional_y",0.036686
115207.309396,2.054558,state,track,"reticle, cursor_proportional_y",0.040357
115207.409567,2.154707,state,track,"reticle, cursor_proportional_y",0.044027
115207.526127,2.271369,state,track,"reticle, cursor_proportional_y",0.047695
115207.626326,2.37142,state,track,"reticle, cursor_proportional_y",0.051361
115207.743203,2.488478,state,track,"reticle, cursor_proportional_y",0.053739
115207.859954,2.604995,state,track,"reticle, cursor_proportional_y",0.053543
115207.975902,2.721067,state,track,"reticle, cursor_proportional_y",0.052059
115208.089807,2.835458,state,track,"reticle, cursor_proportional_y",0.050573
115208.190202,2.935777,state,track,"reticle, cursor_proportional_y",0.049085
115208.306297,3.051885,state,track,"reticle, cursor_proportional_y",0.047594
115208.406809,3.152222,state,track,"reticle, cursor_proportional_y",0.046101
115208.509428,3.254498,state,track,"reticle, cursor_proportional_y",0.044606
115208.623227,3.368832,state,track,"reticle, cursor_proportional_y",0.043108
115208.739847,3.485339,state,track,"reticle, cursor_proportional_y",0.041607
115208.856638,3.602075,state,track,"reticle, cursor_proportional_y",0.040103
115208.957311,3.702546,state,track,"reticle, cursor_proportional_y",0.038597
115209.072818,3.81849,state,track,"reticle, cursor_proportional_y",0.037088
115209.173113,3.918653,state,track,"reticle, cursor_proportional_y",0.035575
115209.289713,4.035095,state,track,"reticle, cursor_proportional_y",0.03406
115209.389906,4.135379,state,track,"reticle, cursor_proportional_y",0.032542
115209.489924,4.235443,state,track,"reticle, cursor_proportional_y",0.03102
115209.606446,4.352038,state,track,"reticle, cursor_proportional_y",0.029495
115209.723566,4.468874,state,track,"reticle, cursor_proportional_y",0.027966
115209.839677,4.585235,state,track,"reticle, cursor_proportional_y",0.026434
115209.939814,4.685444,state,track,"reticle, cursor_proportional_y",0.024898
115210.056506,4.802041,state,track,"reticle, cursor_proportional_y",0.023359
115210.156719,4.902068,state,track,"reticle, cursor_proportional_y",0.021816
115210.25698,5.002381,state,track,"reticle, cursor_proportional_y",0.020269
115210.372982,5.11843,state,track,"reticle, cursor_proportional_y",0.018718
115210.473183,5.218531,state,track,"reticle, cursor_proportional_y",0.017163
115210.573476,5.318944,state,track,"reticle, cursor_proportional_y",0.015605
115210.689773,5.435014,state,track,"reticle, cursor_proportional_y",0.014041
115210.79004,5.535608,state,track,"reticle, cursor_proportional_y",0.012474
115210.892561,5.637737,state,track,"reticle, cursor_proportional_y",0.010902
115211.009267,5.7544,state,track,"reticle, cursor_proportional_y",0.009326
115211.125959,5.871081,state,track,"reticle, cursor_proportional_y",0.007746
115211.225989,5.97124,state,track,"reticle, cursor_proportional_y",0.00616
115211.3423,6.087541,state,track,"reticle, cursor_proportional_y",0.004571
115211.459087,6.204313,state,track,"reticle, cursor_proportional_y",0.002976
115211.559117,6.304334,state,track,"reticle, cursor_proportional_y",0.001376
115211.659162,6.404372,state,track,"reticle, cursor_proportional_y",-0.000228
115211.775614,6.520846,state,track,"reticle, cursor_proportional_y",-0.001837
115211.875781,6.621006,state,track,"reticle, cursor_proportional_y",-0.003452
115211.976083,6.721465,state,track,"reticle, cursor_proportional_y",-0.005071
115212.092487,6.837592,state,track,"reticle, cursor_proportional_y",-0.006696
115212.20908,6.954251,state,track,"reticle, cursor_proportional_y",-0.008326
115212.325947,7.071137,state,track,"reticle, cursor_proportional_y",-0.009962
115212.442127,7.187371,state,track,"reticle, cursor_proportional_y",-0.011603
115212.559247,7.304433,state,track,"reticle, cursor_proportional_y",-0.013249
115212.67568,7.420922,state,track,"reticle, cursor_proportional_y",-0.014901
115212.792177,7.537422,state,track,"reticle, cursor_proportional_y",-0.016559
115212.892269,7.637479,state,track,"reticle, cursor_proportional_y",-0.018223
115213.009287,7.754404,state,track,"reticle, cursor_proportional_y",-0.019893
115213.125802,7.870989,state,track,"reticle, cursor_proportional_y",-0.021568
115213.242281,7.987543,state,track,"reticle, cursor_proportional_y",-0.02325
115213.34234,8.087611,state,track,"reticle, cursor_proportional_y",-0.024937
115213.445849,8.190563,state,track,"reticle, cursor_proportional_y",-0.026631
115213.558863,8.303992,state,track,"reticle, cursor_proportional_y",-0.028331
115213.658815,8.40401,state,track,"reticle, cursor_proportional_y",-0.030038
115213.758901,8.504076,state,track,"reticle, cursor_proportional_y",-0.03175
115213.859366,8.604177,state,track,"reticle, cursor_proportional_y",-0.03347
115213.959019,8.704213,state,track,"reticle, cursor_proportional_y",-0.035196
115214.075622,8.820842,state,track,"reticle, cursor_proportional_y",-0.036928
115214.175651,8.920885,state,track,"reticle, cursor_proportional_y",-0.038668
115214.2924,9.037438,state,track,"reticle, cursor_proportional_y",-0.040414
115214.392263,9.137498,state,track,"reticle, cursor_proportional_y",-0.042167
115214.508786,9.253914,state,track,"reticle, cursor_proportional_y",-0.043927
115214.60895,9.354057,state,track,"reticle, cursor_proportional_y",-0.045694
115214.725489,9.470668,state,track,"reticle, cursor_proportional_y",-0.047468
115214.825903,9.571019,state,track,"reticle, cursor_proportional_y",-0.049249
115214.942176,9.687451,state,track,"reticle, cursor_proportional_y",-0.051037
115215.058798,9.803987,state,track,"reticle, cursor_proportional_y",-0.052833
115215.158842,9.904052,state,track,"reticle, cursor_proportional_y",-0.054636
115215.275615,10.020769,state,track,"reticle, cursor_proportional_y",-0.056447
115215.392256,10.137488,state,track,"reticle, cursor_proportional_y",-0.056336
115215.508749,10.253834,state,track,"reticle, cursor_proportional_y",-0.056233
115215.608711,10.353855,state,track,"reticle, cursor_proportional_y",-0.056138
115215.725417,10.470682,state,track,"reticle, cursor_proportional_y",-0.05605
115215.825584,10.570787,state,track,"reticle, cursor_proportional_y",-0.05597
115215.925878,10.67112,state,track,"reticle, cursor_proportional_y",-0.055899
115216.039335,10.784999,state,track,"reticle, cursor_proportional_y",-0.055835
115216.142161,10.887263,state,track,"reticle, cursor_proportional_y",-0.055779
115216.242115,10.987322,state,track,"reticle, cursor_proportional_y",-0.055731
115216.358682,11.103875,state,track,"reticle, cursor_proportional_y",-0.055692
115216.458685,11.203902,state,track,"reticle, cursor_proportional_y",-0.05566
115216.558763,11.303949,state,track,"reticle, cursor_proportional_y",-0.055637
115216.6753,11.420559,state,track,"reticle, cursor_proportional_y",-0.055623
115216.775456,11.520572,state,track,"reticle, cursor_proportional_y",-0.055617
115216.875482,11.620736,state,track,"reticle, cursor_proportional_y",-0.05562
115216.978987,11.723528,state,track,"reticle, cursor_proportional_y",-0.055631
115217.091627,11.836942,state,track,"reticle, cursor_proportional_y",-0.055651
115217.192145,11.937302,state,track,"reticle, cursor_proportional_y",-0.055679
115217.308811,12.053969,state,track,"reticle, cursor_proportional_y",-0.055717
115217.425886,12.170946,state,track,"reticle, cursor_proportional_y",-0.055763
115217.542211,12.287342,state,track,"reticle, cursor_proportional_y",-0.055818
115217.658523,12.403667,state,track,"reticle, cursor_proportional_y",-0.055883
115217.758586,12.503732,state,track,"reticle, cursor_proportional_y",-0.055956
115217.858738,12.603866,state,track,"reticle, cursor_proportional_y",-0.056039
115217.975337,12.720543,state,track,"reticle, cursor_proportional_y",-0.056131
115218.092054,12.837271,state,track,"reticle, cursor_proportional_y",-0.056232
115218.195035,12.939809,state,track,"reticle, cursor_proportional_y",-0.056342
115218.308881,13.054047,state,track,"reticle, cursor_proportional_y",-0.056462
115218.425217,13.170466,state,track,"reticle, cursor_proportional_y",-0.056592
115218.525367,13.270603,state,track,"reticle, cursor_proportional_y",-0.056731
115218.641106,13.386433,state,track,"reticle, cursor_proportional_y",-0.056879
115218.742156,13.487138,state,track,"reticle, cursor_proportional_y",-0.057038
115218.842195,13.587258,state,track,"reticle, cursor_proportional_y",-0.057206
115218.95791,13.703206,state,track,"reticle, cursor_proportional_y",-0.057383
115219.058519,13.803707,state,track,"reticle, cursor_proportional_y",-0.057571
115219.15872,13.903714,state,track,"reticle, cursor_proportional_y",-0.057769
115219.259105,14.004196,state,track,"reticle, cursor_proportional_y",-0.057977
115219.375162,14.120302,state,track,"reticle, cursor_proportional_y",-0.058194
115219.491848,14.237118,state,track,"reticle, cursor_proportional_y",-0.058422
115219.609008,14.353928,state,track,"reticle, cursor_proportional_y",-0.05866
115219.724938,14.47019,state,track,"reticle, cursor_proportional_y",-0.058909
115219.825337,14.570563,state,track,"reticle, cursor_proportional_y",-0.059167
115219.941462,14.68677,state,track,"reticle, cursor_proportional_y",-0.059436
115220.058713,14.803836,state,track,"reticle, cursor_proportional_y",-0.059716
115220.175188,14.920384,state,track,"reticle, cursor_proportional_y",-0.060006
115220.275236,15.020479,state,track,"reticle, cursor_proportional_y",-0.060306
115220.391738,15.136998,state,track,"reticle, cursor_proportional_y",-0.060617
115220.508294,15.253432,state,track,"reticle, cursor_proportional_y",-0.060939
115220.608605,15.353769,state,track,"reticle, cursor_proportional_y",-0.061272
115220.724036,15.469464,state,track,"reticle, cursor_proportional_y",-0.061615
115220.824909,15.569902,state,track,"reticle, cursor_proportional_y",-0.061969
115220.925058,15.670248,state,track,"reticle, cursor_proportional_y",-0.062334
115221.042312,15.787492,state,track,"reticle, cursor_proportional_y",-0.06271
115221.158342,15.903533,state,track,"reticle, cursor_proportional_y",-0.063097
115221.275132,16.02034,state,track,"reticle, cursor_proportional_y",-0.063495
115221.391649,16.136806,state,track,"reticle, cursor_proportional_y",-0.063904
115221.491693,16.236914,state,track,"reticle, cursor_proportional_y",-0.064324
115221.608383,16.353507,state,track,"reticle, cursor_proportional_y",-0.064756
115221.725183,16.470413,state,track,"reticle, cursor_proportional_y",-0.065198
115221.841502,16.586786,state,track,"reticle, cursor_proportional_y",-0.065653
115221.941777,16.687007,state,track,"reticle, cursor_proportional_y",-0.066118
115222.04234,16.787549,state,track,"reticle, cursor_proportional_y",-0.066595
115222.158218,16.903428,state,track,"reticle, cursor_proportional_y",-0.067084
115222.275019,17.020269,state,track,"reticle, cursor_proportional_y",-0.067583
115222.39108,17.136441,state,track,"reticle, cursor_proportional_y",-0.068095
115222.491708,17.236968,state,track,"reticle, cursor_proportional_y",-0.068618
115222.608357,17.353525,state,track,"reticle, cursor_proportional_y",-0.069153
115222.72275,17.467987,state,track,"reticle, cursor_proportional_y",-0.0697
115222.825257,17.570331,state,track,"reticle, cursor_proportional_y",-0.070258
115222.941786,17.68683,state,track,"reticle, cursor_proportional_y",-0.070829
115223.058262,17.803391,state,track,"reticle, cursor_proportional_y",-0.071411
115223.17487,17.920141,state,track,"reticle, cursor_proportional_y",-0.066218
115223.291641,18.036885,state,track,"reticle, cursor_proportional_y",-0.061037
115223.408443,18.153601,state,track,"reticle, cursor_proportional_y",-0.055868
115223.528897,18.273623,state,track,"reticle, cursor_proportional_y",-0.050712
115223.641369,18.386634,state,track,"reticle, cursor_proportional_y",-0.044924
115223.741774,18.486759,state,track,"reticle, cursor_proportional_y",-0.038505
115223.841566,18.586761,state,track,"reticle, cursor_proportional_y",-0.032099
115223.95822,18.703344,state,track,"reticle, cursor_proportional_y",-0.025705
115224.058478,18.803605,state,track,"reticle, cursor_proportional_y",-0.019324
115224.178011,18.920067,state,track,"reticle, cursor_proportional_y",-0.012954
115224.29132,19.03661,state,track,"reticle, cursor_proportional_y",-0.006597
115224.391397,19.136667,state,track,"reticle, cursor_proportional_y",-0.000253
115224.491568,19.236828,state,track,"reticle, cursor_proportional_y",0.006079
115224.608501,19.353479,state,track,"reticle, cursor_proportional_y",0.012398
115224.72203,19.467644,state,track,"reticle, cursor_proportional_y",0.018705
115224.825105,19.57029,state,track,"reticle, cursor_proportional_y",0.025
115224.941546,19.686776,state,track,"reticle, cursor_proportional_y",0.028066
115225.042013,19.787227,state,track,"reticle, cursor_proportional_y",0.03112
115225.1579,19.903102,state,track,"reticle, cursor_proportional_y",0.034161
115225.258226,20.003471,state,track,"reticle, cursor_proportional_y",0.037189
115225.374734,20.119983,state,track,"reticle, cursor_proportional_y",0.040205
115225.491478,20.236528,state,track,"reticle, cursor_proportional_y",0.043207
115225.607947,20.353167,state,track,"reticle, cursor_proportional_y",0.043625
115225.724748,20.469966,state,track,"reticle, cursor_proportional_y",0.043387
115225.824997,20.570136,state,track,"reticle, cursor_proportional_y",0.042493
115225.941622,20.686704,state,track,"reticle, cursor_proportional_y",0.041586
115226.043603,20.788748,state,track,"reticle, cursor_proportional_y",0.040665
115226.158047,20.90325,state,track,"reticle, cursor_proportional_y",0.039732
115226.258303,21.003381,state,track,"reticle, cursor_proportional_y",0.038786
115226.374983,21.120193,state,track,"reticle, cursor_proportional_y",0.037826
115226.491152,21.236335,state,track,"reticle, cursor_proportional_y",0.036853
115226.591421,21.336606,state,track,"reticle, cursor_proportional_y",0.035867
115226.708045,21.453138,state,track,"reticle, cursor_proportional_y",0.034868
115226.824718,21.569766,state,track,"reticle, cursor_proportional_y",0.033855
115226.9248,21.669932,state,track,"reticle, cursor_proportional_y",0.032829
115227.024865,21.77007,state,track,"reticle, cursor_proportional_y",0.03179
115227.141537,21.886777,state,track,"reticle, cursor_proportional_y",0.030737
115227.257965,22.003172,state,track,"reticle, cursor_proportional_y",0.029671
115227.374435,22.119703,state,track,"reticle, cursor_proportional_y",0.028592
115227.491225,22.236472,state,track,"reticle, cursor_proportional_y",0.027499
115227.591239,22.336488,state,track,"reticle, cursor_proportional_y",0.026392
115227.691302,22.436543,state,track,"reticle, cursor_proportional_y",0.025272
115227.791427,22.536716,state,track,"reticle, cursor_proportional_y",0.024139
115227.893023,22.637794,state,track,"reticle, cursor_proportional_y",0.022991
115228.007273,22.752548,state,track,"reticle, cursor_proportional_y",0.021831
115228.108035,22.853053,state,track,"reticle, cursor_proportional_y",0.020656
115228.224692,22.969791,state,track,"reticle, cursor_proportional_y",0.019468
115228.324587,23.069818,state,track,"reticle, cursor_proportional_y",0.018266
115228.441227,23.186519,state,track,"reticle, cursor_proportional_y",0.01705
115228.542001,23.28726,state,track,"reticle, cursor_proportional_y",0.020965
115228.658213,23.403261,state,track,"reticle, cursor_proportional_y",0.024866
115228.774598,23.519839,state,track,"reticle, cursor_proportional_y",0.028753
115228.891273,23.636519,state,track,"reticle, cursor_proportional_y",0.032626
115229.007805,23.753012,state,track,"reticle, cursor_proportional_y",0.036485
115229.124509,23.869564,state,track,"reticle, cursor_proportional_y",0.040331
115229.224735,23.969965,state,track,"reticle, cursor_proportional_y",0.044162
115229.341469,24.086547,state,track,"reticle, cursor_proportional_y",0.04798
115229.457962,24.203111,state,track,"reticle, cursor_proportional_y",0.051784
115229.574476,24.319485,state,track,"reticle, cursor_proportional_y",0.055573
115229.674374,24.419647,state,track,"reticle, cursor_proportional_y",0.058063
115229.791059,24.536323,state,track,"reticle, cursor_proportional_y",0.059253
115229.891228,24.636425,state,track,"reticle, cursor_proportional_y",0.058499
115230.00808,24.753148,state,track,"reticle, cursor_proportional_y",0.05516
115230.108621,24.853715,state,track,"reticle, cursor_proportional_y",0.051806
115230.224531,24.969683,state,track,"reticle, cursor_proportional_y",0.048439
115230.324609,25.069771,state,track,"reticle, cursor_proportional_y",0.045057
115230.440973,25.18614,state,track,"reticle, cursor_proportional_y",0.041661
115230.541456,25.286262,state,track,"reticle, cursor_proportional_y",0.038251
115230.657587,25.402823,state,track,"reticle, cursor_proportional_y",0.034827
115230.758025,25.503152,state,track,"reticle, cursor_proportional_y",0.031389
115230.874316,25.619479,state,track,"reticle, cursor_proportional_y",0.027936
115230.974227,25.71949,state,track,"reticle, cursor_proportional_y",0.02447
115231.074269,25.819493,state,track,"reticle, cursor_proportional_y",0.020989
115231.190938,25.936188,state,track,"reticle, cursor_proportional_y",0.017494
115231.291013,26.036275,state,track,"reticle, cursor_proportional_y",0.013984
115231.407989,26.153177,state,track,"reticle, cursor_proportional_y",0.010461
115231.508065,26.253213,state,track,"reticle, cursor_proportional_y",0.006923
115231.624531,26.369686,state,track,"reticle, cursor_proportional_y",0.003371
115231.741221,26.486345,state,track,"reticle, cursor_proportional_y",-0.000196
115231.841824,26.587021,state,track,"reticle, cursor_proportional_y",-0.003776
115231.957789,26.702943,state,track,"reticle, cursor_proportional_y",-0.007372
115232.074321,26.819517,state,track,"reticle, cursor_proportional_y",-0.010981
115232.191022,26.936146,state,track,"reticle, cursor_proportional_y",-0.012676
115232.290936,27.036155,state,track,"reticle, cursor_proportional_y",-0.014385
115232.391023,27.136245,state,track,"reticle, cursor_proportional_y",-0.016108
115232.491497,27.236688,state,track,"reticle, cursor_proportional_y",-0.017846
115232.607548,27.35274,state,track,"reticle, cursor_proportional_y",-0.019598
115232.707665,27.452856,state,track,"reticle, cursor_proportional_y",-0.021364
115232.824349,27.569528,state,track,"reticle, cursor_proportional_y",-0.023145
115232.924358,27.669568,state,track,"reticle, cursor_proportional_y",-0.02494
115233.024809,27.769901,state,track,"reticle, cursor_proportional_y",-0.02675
115233.14171,27.886871,state,track,"reticle, cursor_proportional_y",-0.028574
115233.257478,28.00266,state,track,"reticle, cursor_proportional_y",-0.030412
115233.35781,28.10298,state,track,"reticle, cursor_proportional_y",-0.032265
115233.474225,28.219487,state,track,"reticle, cursor_proportional_y",-0.034132
115233.591224,28.336061,state,track,"reticle, cursor_proportional_y",-0.036013
115233.707905,28.453135,state,track,"reticle, cursor_proportional_y",-0.037909
115233.824187,28.569388,state,track,"reticle, cursor_proportional_y",-0.039176
115233.924205,28.66942,state,track,"reticle, cursor_proportional_y",-0.040458
115234.0415,28.786248,state,track,"reticle, cursor_proportional_y",-0.041754
115234.141315,28.886401,state,track,"reticle, cursor_proportional_y",-0.043065
115234.257602,29.00275,state,track,"reticle, cursor_proportional_y",-0.04439
115234.374215,29.119426,state,track,"reticle, cursor_proportional_y",-0.045729
115234.490866,29.236009,state,track,"reticle, cursor_proportional_y",-0.047083
115234.607585,29.352788,state,track,"reticle, cursor_proportional_y",-0.048451
115234.724137,29.469394,state,track,"reticle, cursor_proportional_y",-0.049833
115234.840737,29.585975,state,track,"reticle, cursor_proportional_y",-0.05123
115234.957735,29.702773,state,track,"reticle, cursor_proportional_y",-0.052641
115235.074608,29.81953,state,track,"reticle, cursor_proportional_y",-0.054067
115235.190644,29.93592,state,track,"reticle, cursor_proportional_y",-0.055507
115235.307205,30.052383,state,track,"reticle, cursor_proportional_y",-0.056961
115235.407397,30.152599,state,track,"reticle, cursor_proportional_y",-0.05843
115235.524187,30.269335,state,track,"reticle, cursor_proportional_y",-0.059913
115235.624327,30.36949,state,track,"reticle, cursor_proportional_y",-0.06141
115235.74092,30.485969,state,track,"reticle, cursor_proportional_y",-0.062922
115235.857654,30.602834,state,track,"reticle, cursor_proportional_y",-0.064448
115235.973932,30.719166,state,track,"reticle, cursor_proportional_y",-0.065989
115236.074214,30.819443,state,track,"reticle, cursor_proportional_y",-0.067543
115236.190564,30.935787,state,track,"reticle, cursor_proportional_y",-0.069112
115236.307364,31.052455,state,track,"reticle, cursor_proportional_y",-0.070696
115236.424121,31.169349,state,track,"reticle, cursor_proportional_y",-0.072293
115236.540882,31.285942,state,track,"reticle, cursor_proportional_y",-0.073905
115236.640769,31.385948,state,track,"reticle, cursor_proportional_y",-0.075531
115236.757599,31.502733,state,track,"reticle, cursor_proportional_y",-0.077172
115236.873999,31.619265,state,track,"reticle, cursor_proportional_y",-0.078826
115236.990544,31.735782,state,track,"reticle, cursor_proportional_y",-0.080495
115237.090529,31.835782,state,track,"reticle, cursor_proportional_y",-0.082178
115237.207478,31.952648,state,track,"reticle, cursor_proportional_y",-0.083876
115237.324064,32.069186,state,track,"reticle, cursor_proportional_y",-0.085587
115237.440567,32.185805,state,track,"reticle, cursor_proportional_y",-0.087313
115237.54114,32.285964,state,track,"reticle, cursor_proportional_y",-0.089052
115237.640811,32.386025,state,track,"reticle, cursor_proportional_y",-0.090806
115237.757166,32.502367,state,track,"reticle, cursor_proportional_y",-0.092574
115237.873552,32.618839,state,track,"reticle, cursor_proportional_y",-0.094356
115237.974031,32.719164,state,track,"reticle, cursor_proportional_y",-0.096153
115238.090287,32.835485,state,track,"reticle, cursor_proportional_y",-0.097963
115238.190524,32.935676,state,track,"reticle, cursor_proportional_y",-0.099787
115238.307199,33.052418,state,track,"reticle, cursor_proportional_y",-0.099053
115238.40723,33.15243,state,track,"reticle, cursor_proportional_y",-0.098334
115238.507369,33.252471,state,track,"reticle, cursor_proportional_y",-0.09377
115238.623954,33.369062,state,track,"reticle, cursor_proportional_y",-0.088577
115238.740655,33.485887,state,track,"reticle, cursor_proportional_y",-0.083398
115238.854731,33.600008,state,track,"reticle, cursor_proportional_y",-0.078233
115238.957228,33.702422,state,track,"reticle, cursor_proportional_y",-0.073082
115239.073138,33.818346,state,track,"reticle, cursor_proportional_y",-0.067945
115239.174111,33.91928,state,track,"reticle, cursor_proportional_y",-0.064108
115239.290542,34.035662,state,track,"reticle, cursor_proportional_y",-0.06157
115239.407241,34.152258,state,track,"reticle, cursor_proportional_y",-0.059047
115239.524043,34.26916,state,track,"reticle, cursor_proportional_y",-0.056537
115239.640578,34.385799,state,track,"reticle, cursor_proportional_y",-0.054041
115239.757429,34.502557,state,track,"reticle, cursor_proportional_y",-0.051558
115239.873792,34.618917,state,track,"reticle, cursor_proportional_y",-0.049089
115239.973925,34.719075,state,track,"reticle, cursor_proportional_y",-0.046634
115240.090376,34.835446,state,track,"reticle, cursor_proportional_y",-0.044193
115240.207116,34.952107,state,track,"reticle, cursor_proportional_y",-0.041765
115240.306982,35.052143,state,track,"reticle, cursor_proportional_y",-0.039351
115240.423908,35.168934,state,track,"reticle, cursor_proportional_y",-0.03695
115240.523738,35.268969,state,track,"reticle, cursor_proportional_y",-0.034563
115240.640634,35.385722,state,track,"reticle, cursor_proportional_y",-0.03219
115240.757231,35.502403,state,track,"reticle, cursor_proportional_y",-0.02983
115240.870225,35.616017,state,track,"reticle, cursor_proportional_y",-0.027483
115240.973688,35.718958,state,track,"reticle, cursor_proportional_y",-0.02515
115241.090545,35.835593,state,track,"reticle, cursor_proportional_y",-0.02283
115241.20714,35.952345,state,track,"reticle, cursor_proportional_y",-0.020523
115241.323405,36.06866,state,track,"reticle, cursor_proportional_y",-0.01823
115241.423852,36.168926,state,track,"reticle, cursor_proportional_y",-0.01595
115241.523646,36.268927,state,track,"reticle, cursor_proportional_y",-0.013683
115241.640327,36.385568,state,track,"reticle, cursor_proportional_y",-0.01143
115241.75738,36.502404,state,track,"reticle, cursor_proportional_y",-0.009189
115241.870131,36.615897,state,track,"reticle, cursor_proportional_y",-0.006962
115241.973714,36.718971,state,track,"reticle, cursor_proportional_y",-0.004748
115242.090196,36.835381,state,track,"reticle, cursor_proportional_y",-0.002547
115242.190301,36.935493,state,track,"reticle, cursor_proportional_y",-0.000359
115242.290308,37.035495,state,track,"reticle, cursor_proportional_y",0.001816
115242.407003,37.152144,state,track,"reticle, cursor_proportional_y",0.003978
115242.523802,37.269,state,track,"reticle, cursor_proportional_y",0.006127
115242.640127,37.385354,state,track,"reticle, cursor_proportional_y",0.008263
115242.740316,37.485536,state,track,"reticle, cursor_proportional_y",0.010387
115242.840308,37.585549,state,track,"reticle, cursor_proportional_y",0.012497
115242.958132,37.703274,state,track,"reticle, cursor_proportional_y",0.014595
115243.073539,37.818789,state,track,"reticle, cursor_proportional_y",0.01668
115243.174164,37.918913,state,track,"reticle, cursor_proportional_y",0.016823
115243.287341,38.032809,state,track,"reticle, cursor_proportional_y",0.016954
115243.403932,38.149459,state,track,"reticle, cursor_proportional_y",0.017072
115243.504245,38.249592,state,track,"reticle, cursor_proportional_y",0.017178
115243.604446,38.349651,state,track,"reticle, cursor_proportional_y",0.017271
115243.720571,38.466235,state,track,"reticle, cursor_proportional_y",0.017352
115243.83736,38.582963,state,track,"reticle, cursor_proportional_y",0.01742
115243.939248,38.684402,state,track,"reticle, cursor_proportional_y",0.017476
115244.056124,38.800977,state,track,"reticle, cursor_proportional_y",0.017519
115244.155942,38.901096,state,track,"reticle, cursor_proportional_y",0.01755
115244.255897,39.001096,state,track,"reticle, cursor_proportional_y",0.017569
115244.372583,39.117728,state,track,"reticle, cursor_proportional_y",0.017576
115244.489306,39.234292,state,track,"reticle, cursor_proportional_y",0.01757
115244.589059,39.33435,state,track,"reticle, cursor_proportional_y",0.017553
115244.689091,39.43437,state,track,"reticle, cursor_proportional_y",0.017523
115244.806225,39.55126,state,track,"reticle, cursor_proportional_y",0.017481
115244.922607,39.66778,state,track,"reticle, cursor_proportional_y",0.017428
115245.0227,39.767802,state,track,"reticle, cursor_proportional_y",0.017362
115245.137267,39.882835,state,track,"reticle, cursor_proportional_y",0.017285
115245.237343,39.982992,state,track,"reticle, cursor_proportional_y",0.017195
115245.353992,40.099579,state,track,"reticle, cursor_proportional_y",0.017094
115245.456596,40.201474,state,track,"reticle, cursor_proportional_y",0.016982
115245.572642,40.317754,state,track,"reticle, cursor_proportional_y",0.016857
115245.687274,40.432719,state,track,"reticle, cursor_proportional_y",0.016721
115245.787666,40.532839,state,track,"reticle, cursor_proportional_y",0.016573
115245.887792,40.633221,state,track,"reticle, cursor_proportional_y",0.016414
115246.00415,40.749407,state,track,"reticle, cursor_proportional_y",0.016244
115246.106714,40.851823,state,track,"reticle, cursor_proportional_y",0.016062
115246.223082,40.968284,state,track,"reticle, cursor_proportional_y",0.015868
115246.323113,41.068335,state,track,"reticle, cursor_proportional_y",0.015663
115246.423286,41.168513,state,track,"reticle, cursor_proportional_y",0.015447
115246.540079,41.28527,state,track,"reticle, cursor_proportional_y",0.01522
115246.65623,41.401463,state,track,"reticle, cursor_proportional_y",0.014982
115246.756776,41.501939,state,track,"reticle, cursor_proportional_y",0.014732
115246.87361,41.618841,state,track,"reticle, cursor_proportional_y",0.014472
115246.989806,41.735053,state,track,"reticle, cursor_proportional_y",0.0142
115247.089823,41.835075,state,track,"reticle, cursor_proportional_y",0.013918
115247.190235,41.935317,state,track,"reticle, cursor_proportional_y",0.013625
115247.306363,42.051572,state,track,"reticle, cursor_proportional_y",0.013321
115247.406415,42.151628,state,track,"reticle, cursor_proportional_y",0.013006
115247.506535,42.251723,state,track,"reticle, cursor_proportional_y",0.01268
115247.606959,42.351907,state,track,"reticle, cursor_proportional_y",0.012344
115247.722685,42.468081,state,track,"reticle, cursor_proportional_y",0.011997
115247.823044,42.56829,state,track,"reticle, cursor_proportional_y",0.01164
115247.939933,42.685182,state,track,"reticle, cursor_proportional_y",0.011272
115248.05723,42.802151,state,track,"reticle, cursor_proportional_y",0.010894
115248.173352,42.918582,state,track,"reticle, cursor_proportional_y",0.010506
115248.2899,43.035152,state,track,"reticle, cursor_proportional_y",0.010107
115248.40639,43.151583,state,track,"reticle, cursor_proportional_y",0.009698
115248.506787,43.251771,state,track,"reticle, cursor_proportional_y",0.009279
115248.623023,43.368296,state,track,"reticle, cursor_proportional_y",0.007563
115248.723044,43.468308,state,track,"reticle, cursor_proportional_y",0.005195
115248.823895,43.569067,state,track,"reticle, cursor_proportional_y",0.002817
115248.937808,43.68309,state,track,"reticle, cursor_proportional_y",0.000428
115249.039628,43.784879,state,track,"reticle, cursor_proportional_y",-0.00197
115249.139787,43.884999,state,track,"reticle, cursor_proportional_y",-0.004377
115249.239911,43.98517,state,track,"reticle, cursor_proportional_y",-0.006795
115249.355899,44.10117,state,track,"reticle, cursor_proportional_y",-0.009222
115249.456,44.201174,state,track,"reticle, cursor_proportional_y",-0.011659
115249.572947,44.318215,state,track,"reticle, cursor_proportional_y",-0.014106
115249.673195,44.418408,state,track,"reticle, cursor_proportional_y",-0.016561
115249.789926,44.535099,state,track,"reticle, cursor_proportional_y",-0.019027
115249.906204,44.651402,state,track,"reticle, cursor_proportional_y",-0.021501
115250.006417,44.751595,state,track,"reticle, cursor_proportional_y",-0.023985
115250.122253,44.867701,state,track,"reticle, cursor_proportional_y",-0.025835
115250.222666,44.968006,state,track,"reticle, cursor_proportional_y",-0.027695
115250.32302,45.068278,state,track,"reticle, cursor_proportional_y",-0.029563
115250.440174,45.185346,state,track,"reticle, cursor_proportional_y",-0.028868
115250.554359,45.299834,state,track,"reticle, cursor_proportional_y",-0.028182
115250.656402,45.401532,state,track,"reticle, cursor_proportional_y",-0.027505
115250.77303,45.518265,state,track,"reticle, cursor_proportional_y",-0.026837
115250.873068,45.618311,state,track,"reticle, cursor_proportional_y",-0.026178
115250.989563,45.734834,state,track,"reticle, cursor_proportional_y",-0.026813
115251.090776,45.836042,state,track,"reticle, cursor_proportional_y",-0.027457
115251.206757,45.951812,state,track,"reticle, cursor_proportional_y",-0.02811
115251.322764,46.068045,state,track,"reticle, cursor_proportional_y",-0.029413
115251.438916,46.184287,state,track,"reticle, cursor_proportional_y",-0.030726
115251.540257,46.285315,state,track,"reticle, cursor_proportional_y",-0.032046
115251.656758,46.401959,state,track,"reticle, cursor_proportional_y",-0.031446
115251.772788,46.518029,state,track,"reticle, cursor_proportional_y",-0.030854
115251.872919,46.618155,state,track,"reticle, cursor_proportional_y",-0.03027
115251.973029,46.718166,state,track,"reticle, cursor_proportional_y",-0.029694
115252.073172,46.818175,state,track,"reticle, cursor_proportional_y",-0.029126
115252.189291,46.934533,state,track,"reticle, cursor_proportional_y",-0.028566
115252.289613,47.034894,state,track,"reticle, cursor_proportional_y",-0.0293
115252.406245,47.151403,state,track,"reticle, cursor_proportional_y",-0.030042
115252.50652,47.251428,state,track,"reticle, cursor_proportional_y",-0.030791
115252.623014,47.368236,state,track,"reticle, cursor_proportional_y",-0.031548
115252.739714,47.484914,state,track,"reticle, cursor_proportional_y",-0.032312
115252.856492,47.601636,state,track,"reticle, cursor_proportional_y",-0.030512
115252.973047,47.718107,state,track,"reticle, cursor_proportional_y",-0.027433
115253.089692,47.834899,state,track,"reticle, cursor_proportional_y",-0.020503
115253.206015,47.9512,state,track,"reticle, cursor_proportional_y",-0.013581
115253.306099,48.051259,state,track,"reticle, cursor_proportional_y",-0.006665
115253.406433,48.151562,state,track,"reticle, cursor_proportional_y",0.000243
115253.522697,48.267939,state,track,"reticle, cursor_proportional_y",0.007144
115253.623295,48.368544,state,track,"reticle, cursor_proportional_y",0.014038
115253.739324,48.484584,state,track,"reticle, cursor_proportional_y",0.015781
115253.839782,48.584819,state,track,"reticle, cursor_proportional_y",0.016875
115253.943149,48.687899,state,track,"reticle, cursor_proportional_y",0.017319
115254.056,48.801219,state,track,"reticle, cursor_proportional_y",0.013898
115254.156161,48.901333,state,track,"reticle, cursor_proportional_y",0.007256
115254.256265,49.001388,state,track,"reticle, cursor_proportional_y",-0.001322
115254.356302,49.101475,state,track,"reticle, cursor_proportional_y",-0.010549
115254.472901,49.218138,state,track,"reticle, cursor_proportional_y",-0.018497
115254.589648,49.334789,state,track,"reticle, cursor_proportional_y",-0.025807
115254.705987,49.451205,state,track,"reticle, cursor_proportional_y",-0.033767
115254.806274,49.551427,state,track,"reticle, cursor_proportional_y",-0.043019
115254.906678,49.651883,state,track,"reticle, cursor_proportional_y",-0.055492
115255.022754,49.767981,state,track,"reticle, cursor_proportional_y",-0.068614
115255.138809,49.884122,state,track,"reticle, cursor_proportional_y",-0.081742
115255.239271,49.984472,state,track,"reticle, cursor_proportional_y",-0.094875
115255.339441,50.084707,state,track,"reticle, cursor_proportional_y",-0.106085
115255.455551,50.20083,state,track,"reticle, cursor_proportional_y",-0.09994
115255.556455,50.301627,state,track,"reticle, cursor_proportional_y",-0.088656
115255.672624,50.417823,state,track,"reticle, cursor_proportional_y",-0.096668
115255.772673,50.517915,state,track,"reticle, cursor_proportional_y",-0.109186
115255.888682,50.63403,state,track,"reticle, cursor_proportional_y",-0.121709
115255.989929,50.735056,state,track,"reticle, cursor_proportional_y",-0.13038
115256.105797,50.851001,state,track,"reticle, cursor_proportional_y",-0.131983
115256.206095,50.951259,state,track,"reticle, cursor_proportional_y",-0.123945
115256.306221,51.051419,state,track,"reticle, cursor_proportional_y",-0.112698
115256.422359,51.167631,state,track,"reticle, cursor_proportional_y",-0.082808
115256.537704,51.282963,state,track,"reticle, cursor_proportional_y",-0.050994
115256.638017,51.38328,state,track,"reticle, cursor_proportional_y",-0.018542
115256.753252,51.498798,state,track,"reticle, cursor_proportional_y",0.012619
115256.855277,51.600562,state,track,"reticle, cursor_proportional_y",0.032202
115256.969669,51.715141,state,track,"reticle, cursor_proportional_y",0.043422
115257.072672,51.817738,state,track,"reticle, cursor_proportional_y",0.127939
115257.189033,51.9343,state,track,"reticle, cursor_proportional_y",0.220811
115257.289472,52.034736,state,track,"reticle, cursor_proportional_y",0.313679
115257.392356,52.136891,state,track,"reticle, cursor_proportional_y",0.41233
115257.505258,52.250542,state,track,"reticle, cursor_proportional_y",0.5
115257.619544,52.365084,state,track,"reticle, cursor_proportional_y",0.434677
115257.721461,52.466897,state,track,"reticle, cursor_proportional_y",0.447153
115257.836989,52.582322,state,track,"reticle, cursor_proportional_y",0.420403
115257.938839,52.684071,state,track,"reticle, cursor_proportional_y",0.391719
115258.039281,52.784558,state,track,"reticle, cursor_proportional_y",0.361746
115258.15581,52.900998,state,track,"reticle, cursor_proportional_y",0.307979
115258.272397,53.017446,state,track,"reticle, cursor_proportional_y",0.236203
115258.388079,53.133412,state,track,"reticle, cursor_proportional_y",0.147706
115258.503398,53.248872,state,track,"reticle, cursor_proportional_y",0.06435
115258.605643,53.35082,state,track,"reticle, cursor_proportional_y",-0.020295
115258.706615,53.451544,state,track,"reticle, cursor_proportional_y",-0.11266
115258.82241,53.56767,state,track,"reticle, cursor_proportional_y",-0.203741
115258.938957,53.68424,state,track,"reticle, cursor_proportional_y",-0.281322
115259.055283,53.800857,state,track,"reticle, cursor_proportional_y",-0.32097
115259.155965,53.900862,state,track,"reticle, cursor_proportional_y",-0.346473
115259.255827,54.001045,state,track,"reticle, cursor_proportional_y",-0.36555
115259.372408,54.117619,state,track,"reticle, cursor_proportional_y",-0.387201
115259.472691,54.217814,state,track,"reticle, cursor_proportional_y",-0.409497
115259.575599,54.320242,state,track,"reticle, cursor_proportional_y",-0.431797
115259.689356,54.434619,state,track,"reticle, cursor_proportional_y",-0.460528
115259.805822,54.550941,state,track,"reticle, cursor_proportional_y",-0.496335
115259.92223,54.667463,state,track,"reticle, cursor_proportional_y",-0.5
115260.038928,54.784171,state,track,"reticle, cursor_proportional_y",-0.480513
115260.138891,54.884178,state,track,"reticle, cursor_proportional_y",-0.486105
115260.238941,54.984207,state,track,"reticle, cursor_proportional_y",-0.472409
115260.355604,55.100812,state,track,"reticle, cursor_proportional_y",-0.450355
115260.461993,55.206734,state,track,"reticle, cursor_proportional_y",-0.427661
115260.571965,55.317245,state,track,"reticle, cursor_proportional_y",-0.403682
115260.67224,55.417442,state,track,"reticle, cursor_proportional_y",-0.406711
115260.772798,55.518029,state,track,"reticle, cursor_proportional_y",-0.410384
115260.889166,55.634387,state,track,"reticle, cursor_proportional_y",-0.414059
115261.005754,55.750874,state,track,"reticle, cursor_proportional_y",-0.417735
115261.121966,55.867245,state,track,"reticle, cursor_proportional_y",-0.013748
115261.222709,55.967576,state,track,"reticle, cursor_proportional_y",0.242347
115261.339154,56.084417,state,track,"reticle, cursor_proportional_y",0.073416
115261.455017,56.200315,state,track,"reticle, cursor_proportional_y",-0.009355
115261.555905,56.301118,state,track,"reticle, cursor_proportional_y",-0.055475
115261.656669,56.401605,state,track,"reticle, cursor_proportional_y",-0.119599
115261.772192,56.517366,state,track,"reticle, cursor_proportional_y",-0.217161
115261.872567,56.617649,state,track,"reticle, cursor_proportional_y",-0.315367
115261.988925,56.733952,state,track,"reticle, cursor_proportional_y",-0.433506
115262.089074,56.834361,state,track,"reticle, cursor_proportional_y",-0.5
115262.189135,56.934413,state,track,"reticle, cursor_proportional_y",-0.482466
115262.305513,57.050705,state,track,"reticle, cursor_proportional_y",-0.5
115262.405651,57.150858,state,track,"reticle, cursor_proportional_y",-0.486968
115262.521996,57.267231,state,track,"reticle, cursor_proportional_y",-0.5
115262.62209,57.367335,state,track,"reticle, cursor_proportional_y",-0.5
115262.722332,57.467586,state,track,"reticle, cursor_proportional_y",-0.472822
115262.838968,57.584131,state,track,"reticle, cursor_proportional_y",-0.433426
115262.939058,57.684285,state,track,"reticle, cursor_proportional_y",-0.318156
115263.058233,57.803312,state,track,"reticle, cursor_proportional_y",-0.185525
115263.172249,57.91738,state,track,"reticle, cursor_proportional_y",-0.080542
115263.286146,58.031678,state,track,"reticle, cursor_proportional_y",0.024441
115263.388865,58.133839,state,track,"reticle, cursor_proportional_y",0.129425
115263.503021,58.248421,state,track,"reticle, cursor_proportional_y",0.234409
115263.604014,58.349306,state,track,"reticle, cursor_proportional_y",0.339394
115263.719025,58.46456,state,track,"reticle, cursor_proportional_y",0.44438
115263.819331,58.564884,state,track,"reticle, cursor_proportional_y",0.5
115263.935982,58.681494,state,track,"reticle, cursor_proportional_y",0.497606
115264.036327,58.781735,state,track,"reticle, cursor_proportional_y",0.5
115264.1529,58.898273,state,track,"reticle, cursor_proportional_y",0.497608
115264.252779,58.998306,state,track,"reticle, cursor_proportional_y",0.5
115264.369401,59.114932,state,track,"reticle, cursor_proportional_y",0.5
115264.486198,59.231374,state,track,"reticle, cursor_proportional_y",0.170966
115264.585861,59.331504,state,track,"reticle, cursor_proportional_y",-0.118843
115264.702952,59.448398,state,track,"reticle, cursor_proportional_y",-0.40865
115264.819557,59.564967,state,track,"reticle, cursor_proportional_y",-0.5
115264.936485,59.681859,state,track,"reticle, cursor_proportional_y",-0.5
115265.036867,59.782068,state,track,"reticle, cursor_proportional_y",-0.5
115265.152547,59.898021,state,track,"reticle, cursor_proportional_y",-0.472799
115265.252759,59.998308,state,track,"reticle, cursor_proportional_y",-0.5
115265.369296,60.114728,state,track,"reticle, cursor_proportional_y",-0.470223
115265.48616,60.231533,state,track,"reticle, cursor_proportional_y",-0.5
115265.702732,60.44818,state,track,"reticle, cursor_proportional_y",-0.49465
115265.803144,60.548469,state,track,"reticle, cursor_proportional_y",-0.5
115265.919304,60.664663,state,track,"reticle, cursor_proportional_y",-0.474069
115266.0191,60.76469,state,track,"reticle, cursor_proportional_y",-0.5
115266.235951,60.981509,state,track,"reticle, cursor_proportional_y",-0.5
115266.336293,61.081748,state,track,"reticle, cursor_proportional_y",-0.458626
115266.438286,61.183606,state,track,"reticle, cursor_proportional_y",-0.5
115266.538889,61.284131,state,track,"reticle, cursor_proportional_y",-0.5
115266.771818,61.517074,state,track,"reticle, cursor_proportional_y",-0.407174
115266.888939,61.633992,state,track,"reticle, cursor_proportional_y",-0.476381
115267.005354,61.750555,state,track,"reticle, cursor_proportional_y",-0.47614
115267.12174,61.866995,state,track,"reticle, cursor_proportional_y",-0.432172
115267.222006,61.967215,state,track,"reticle, cursor_proportional_y",-0.37534
115267.338507,62.083555,state,track,"reticle, cursor_proportional_y",-0.316576
115267.455242,62.200352,state,track,"reticle, cursor_proportional_y",-0.257808
115267.555329,62.300448,state,track,"reticle, cursor_proportional_y",-0.199036
115267.656693,62.401651,state,track,"reticle, cursor_proportional_y",-0.14026
115267.768696,62.514319,state,track,"reticle, cursor_proportional_y",-0.08148
115267.871831,62.617083,state,track,"reticle, cursor_proportional_y",-0.022696
115267.97197,62.717231,state,track,"reticle, cursor_proportional_y",0.032234
115268.088125,62.833333,state,track,"reticle, cursor_proportional_y",0.069164
115268.188469,62.9337,state,track,"reticle, cursor_proportional_y",0.08295
115268.305304,63.050384,state,track,"reticle, cursor_proportional_y",0.093525
115268.405402,63.150637,state,track,"reticle, cursor_proportional_y",0.104105
115268.52147,63.266748,state,track,"reticle, cursor_proportional_y",0.105688
115268.638087,63.383229,state,track,"reticle, cursor_proportional_y",0.091843
115268.738158,63.483392,state,track,"reticle, cursor_proportional_y",0.065785
115268.838293,63.5835,state,track,"reticle, cursor_proportional_y",0.033303
115268.938495,63.683584,state,track,"reticle, cursor_proportional_y",-0.001104
115269.055452,63.800411,state,track,"reticle, cursor_proportional_y",-0.029076
115269.155894,63.901019,state,track,"reticle, cursor_proportional_y",-0.048684
115269.27179,64.017062,state,track,"reticle, cursor_proportional_y",-0.039351
115269.38835,64.133279,state,track,"reticle, cursor_proportional_y",-0.030014
115269.488208,64.233419,state,track,"reticle, cursor_proportional_y",-0.015527
115269.58835,64.333601,state,track,"reticle, cursor_proportional_y",-0.00232
115269.705263,64.450483,state,track,"reticle, cursor_proportional_y",-0.014829
115269.821548,64.566704,state,track,"reticle, cursor_proportional_y",-0.031833
115269.921589,64.666872,state,track,"reticle, cursor_proportional_y",-0.053975
115270.038234,64.783511,state,track,"reticle, cursor_proportional_y",-0.068395
115270.138569,64.883747,state,track,"reticle, cursor_proportional_y",-0.039086
115270.254951,65.000072,state,track,"reticle, cursor_proportional_y",-0.006556
115270.371919,65.117182,state,track,"reticle, cursor_proportional_y",-0.022888
115270.49093,65.235869,state,track,"reticle, cursor_proportional_y",-0.045644
115270.60465,65.349843,state,track,"reticle, cursor_proportional_y",-0.064536
115270.70489,65.450017,state,track,"reticle, cursor_proportional_y",-0.113644
115270.805157,65.550381,state,track,"reticle, cursor_proportional_y",-0.229617
115270.921469,65.666739,state,track,"reticle, cursor_proportional_y",-0.379663
115271.021477,65.766761,state,track,"reticle, cursor_proportional_y",-0.5
115271.122351,65.867582,state,track,"reticle, cursor_proportional_y",-0.5
115271.671534,66.416602,state,track,"reticle, cursor_proportional_y",-0.489892
115271.771503,66.516796,state,track,"reticle, cursor_proportional_y",-0.5
115271.988796,66.734004,state,track,"reticle, cursor_proportional_y",-0.5
115272.101405,66.847115,state,track,"reticle, cursor_proportional_y",-0.5
115272.20471,66.949837,state,track,"reticle, cursor_proportional_y",-0.5
115272.305241,67.050464,state,track,"reticle, cursor_proportional_y",-0.493708
115272.421363,67.166627,state,track,"reticle, cursor_proportional_y",-0.5
115272.521669,67.266931,state,track,"reticle, cursor_proportional_y",-0.5
115272.754776,67.500005,state,track,"reticle, cursor_proportional_y",-0.449953
115272.854834,67.600041,state,track,"reticle, cursor_proportional_y",-0.5
115272.97176,67.716766,state,track,"reticle, cursor_proportional_y",-0.045488
115273.088095,67.833318,state,track,"reticle, cursor_proportional_y",0.33187
115273.18819,67.933392,state,track,"reticle, cursor_proportional_y",0.5
115273.288466,68.033699,state,track,"reticle, cursor_proportional_y",0.443347
115273.404593,68.149657,state,track,"reticle, cursor_proportional_y",0.5
115273.504909,68.250095,state,track,"reticle, cursor_proportional_y",0.483872
115273.621315,68.36649,state,track,"reticle, cursor_proportional_y",0.5
115273.721483,68.466776,state,track,"reticle, cursor_proportional_y",0.451095
115273.821607,68.566841,state,track,"reticle, cursor_proportional_y",0.464571
115273.938328,68.683445,state,track,"reticle, cursor_proportional_y",0.478054
115274.055354,68.800319,state,track,"reticle, cursor_proportional_y",0.465183
115274.17143,68.916386,state,track,"reticle, cursor_proportional_y",0.375803
115274.271842,69.01675,state,track,"reticle, cursor_proportional_y",0.245922
115274.388034,69.133294,state,track,"reticle, cursor_proportional_y",-0.043415
115274.504996,69.25024,state,track,"reticle, cursor_proportional_y",-0.304451
115274.621276,69.36654,state,track,"reticle, cursor_proportional_y",-0.410515
115274.721293,69.466564,state,track,"reticle, cursor_proportional_y",-0.5
115275.271241,70.016513,state,track,"reticle, cursor_proportional_y",-0.5
115275.387697,70.132986,state,track,"reticle, cursor_proportional_y",-0.5
115275.487962,70.233216,state,track,"reticle, cursor_proportional_y",-0.5
115275.821251,70.566534,state,track,"reticle, cursor_proportional_y",-0.495366
115275.921835,70.666775,state,track,"reticle, cursor_proportional_y",-0.5
115276.037782,70.78305,state,track,"reticle, cursor_proportional_y",-0.5
115276.154597,70.899806,state,track,"reticle, cursor_proportional_y",-0.387312
115276.270951,71.01621,state,track,"reticle, cursor_proportional_y",-0.5
115276.604703,71.349877,state,track,"reticle, cursor_proportional_y",-0.436784
115276.72119,71.466463,state,track,"reticle, cursor_proportional_y",-0.5
115276.821438,71.566659,state,track,"reticle, cursor_proportional_y",-0.5
115276.93798,71.68326,state,track,"reticle, cursor_proportional_y",-0.5
115277.054394,71.799586,state,track,"reticle, cursor_proportional_y",-0.5
115277.171024,71.916267,state,track,"reticle, cursor_proportional_y",-0.5
115277.271215,72.016487,state,track,"reticle, cursor_proportional_y",-0.485591
115277.387899,72.133027,state,track,"reticle, cursor_proportional_y",-0.5
115277.504621,72.249784,state,track,"reticle, cursor_proportional_y",-0.495858
115277.621244,72.366525,state,track,"reticle, cursor_proportional_y",-0.5
115277.737867,72.483124,state,track,"reticle, cursor_proportional_y",-0.49648
115277.854326,72.599546,state,track,"reticle, cursor_proportional_y",-0.5
115277.970881,72.716119,state,track,"reticle, cursor_proportional_y",-0.482956
115278.087835,72.83312,state,track,"reticle, cursor_proportional_y",-0.5
115278.654394,73.399492,state,track,"reticle, cursor_proportional_y",-0.5
115278.754273,73.499516,state,track,"reticle, cursor_proportional_y",-0.5
115279.068567,73.813955,state,track,"reticle, cursor_proportional_y",-0.477059
115279.187526,73.932743,state,track,"reticle, cursor_proportional_y",-0.5
115279.287923,74.032827,state,track,"reticle, cursor_proportional_y",-0.357437
115279.387653,74.132948,state,track,"reticle, cursor_proportional_y",-0.129987
115279.487931,74.233154,state,track,"reticle, cursor_proportional_y",0.148915
115279.60479,74.349964,state,track,"reticle, cursor_proportional_y",0.2375
115279.720967,74.466249,state,track,"reticle, cursor_proportional_y",0.25408
115279.821181,74.566433,state,track,"reticle, cursor_proportional_y",0.264241
115279.937332,74.682524,state,track,"reticle, cursor_proportional_y",0.24998
115280.037463,74.782741,state,track,"reticle, cursor_proportional_y",0.225442
115280.137648,74.882915,state,track,"reticle, cursor_proportional_y",0.184842
115280.254176,74.999401,state,track,"reticle, cursor_proportional_y",0.15004
115280.354387,75.099474,state,track,"reticle, cursor_proportional_y",0.120394
115280.454521,75.199671,state,track,"reticle, cursor_proportional_y",0.091402
115280.567657,75.313258,state,track,"reticle, cursor_proportional_y",0.065638
115280.670782,75.416047,state,track,"reticle, cursor_proportional_y",0.039886
115280.787428,75.532705,state,track,"reticle, cursor_proportional_y",-0.025077
115280.887648,75.63292,state,track,"reticle, cursor_proportional_y",-0.13954
115281.004068,75.74925,state,track,"reticle, cursor_proportional_y",-0.254634
115281.105073,75.85019,state,track,"reticle, cursor_proportional_y",-0.356212
115281.222423,75.967618,state,track,"reticle, cursor_proportional_y",-0.457778
115281.337553,76.082628,state,track,"reticle, cursor_proportional_y",-0.5
115286.870531,81.615781,state,track,"reticle, cursor_proportional_y",-0.349477
115286.987127,81.732227,state,track,"reticle, cursor_proportional_y",-0.272243
115287.104539,81.849578,state,track,"reticle, cursor_proportional_y",-0.205282
115287.216829,81.962599,state,track,"reticle, cursor_proportional_y",-0.146667
115287.320478,82.065704,state,track,"reticle, cursor_proportional_y",-0.088038
115287.420629,82.16571,state,track,"reticle, cursor_proportional_y",-0.029394
115287.537013,82.282293,state,track,"reticle, cursor_proportional_y",0.030549
115287.637085,82.382351,state,track,"reticle, cursor_proportional_y",0.06543
115287.753887,82.499096,state,track,"reticle, cursor_proportional_y",0.013519
115287.870231,82.615447,state,track,"reticle, cursor_proportional_y",-0.041593
115287.987011,82.732259,state,track,"reticle, cursor_proportional_y",0.088494
115288.091388,82.836089,state,track,"reticle, cursor_proportional_y",0.1723
115288.203793,82.949046,state,track,"reticle, cursor_proportional_y",0.031711
115288.320761,83.065664,state,track,"reticle, cursor_proportional_y",-0.054852
115288.436814,83.182059,state,track,"reticle, cursor_proportional_y",-0.063596
115288.537076,83.282339,state,track,"reticle, cursor_proportional_y",-0.218932
115288.653641,83.398881,state,track,"reticle, cursor_proportional_y",-0.410261
115288.770254,83.515548,state,track,"reticle, cursor_proportional_y",-0.5
115288.886967,83.63217,state,track,"reticle, cursor_proportional_y",-0.448245
115289.003463,83.748685,state,track,"reticle, cursor_proportional_y",-0.5
115289.103751,83.848987,state,track,"reticle, cursor_proportional_y",-0.475866
115289.204312,83.949501,state,track,"reticle, cursor_proportional_y",-0.5
115289.420459,84.165658,state,track,"reticle, cursor_proportional_y",-0.5
115289.520561,84.265773,state,track,"reticle, cursor_proportional_y",-0.5
115289.63689,84.382139,state,track,"reticle, cursor_proportional_y",-0.497014
115289.736968,84.48218,state,track,"reticle, cursor_proportional_y",-0.5
115289.853571,84.598777,state,track,"reticle, cursor_proportional_y",-0.477695
115289.954021,84.699045,state,track,"reticle, cursor_proportional_y",-0.5
115290.070026,84.81521,state,track,"reticle, cursor_proportional_y",-0.498885
115290.170232,84.915516,state,track,"reticle, cursor_proportional_y",-0.5
115290.270385,85.015521,state,track,"reticle, cursor_proportional_y",-0.49757
115290.371408,85.116441,state,track,"reticle, cursor_proportional_y",-0.5
115290.48686,85.232019,state,track,"reticle, cursor_proportional_y",-0.492398
115290.603278,85.348534,state,track,"reticle, cursor_proportional_y",-0.5
115290.703627,85.448706,state,track,"reticle, cursor_proportional_y",-0.5
115290.80358,85.548775,state,track,"reticle, cursor_proportional_y",-0.5
115290.920108,85.665339,state,track,"reticle, cursor_proportional_y",-0.5
115291.020614,85.7656,state,track,"reticle, cursor_proportional_y",-0.5
115291.136662,85.881908,state,track,"reticle, cursor_proportional_y",-0.5
115291.237101,85.982359,state,track,"reticle, cursor_proportional_y",-0.49937
115291.353514,86.098728,state,track,"reticle, cursor_proportional_y",-0.5
115291.453684,86.198906,state,track,"reticle, cursor_proportional_y",-0.490982
115291.569858,86.314931,state,track,"reticle, cursor_proportional_y",-0.5
115292.00376,86.74889,state,track,"reticle, cursor_proportional_y",-0.499912
115292.120094,86.865317,state,track,"reticle, cursor_proportional_y",-0.5
115292.22014,86.965319,state,track,"reticle, cursor_proportional_y",-0.496668
115292.337933,87.082638,state,track,"reticle, cursor_proportional_y",-0.5
115292.4539,87.199134,state,track,"reticle, cursor_proportional_y",-0.497926
115292.567495,87.313022,state,track,"reticle, cursor_proportional_y",-0.5
115292.672211,87.417205,state,track,"reticle, cursor_proportional_y",-0.456745
115292.786515,87.531767,state,track,"reticle, cursor_proportional_y",-0.5
115292.886833,87.632108,state,track,"reticle, cursor_proportional_y",-0.5
115293.003384,87.748423,state,track,"reticle, cursor_proportional_y",-0.5
115293.103667,87.848863,state,track,"reticle, cursor_proportional_y",-0.5
115293.220402,87.965276,state,track,"reticle, cursor_proportional_y",-0.5
115293.3202,88.065299,state,track,"reticle, cursor_proportional_y",-0.5
115293.436542,88.1818,state,track,"reticle, cursor_proportional_y",-0.492009
115293.536724,88.281911,state,track,"reticle, cursor_proportional_y",-0.5
115293.636856,88.381995,state,track,"reticle, cursor_proportional_y",-0.479764
115293.753683,88.498757,state,track,"reticle, cursor_proportional_y",-0.5
115293.870296,88.615339,state,track,"reticle, cursor_proportional_y",-0.490023
115293.986595,88.731852,state,track,"reticle, cursor_proportional_y",-0.5
115294.103236,88.848425,state,track,"reticle, cursor_proportional_y",-0.495782
115294.219959,88.965254,state,track,"reticle, cursor_proportional_y",-0.5
115294.337411,89.0826,state,track,"reticle, cursor_proportional_y",-0.49511
115294.453431,89.198534,state,track,"reticle, cursor_proportional_y",-0.5
115294.553831,89.298956,state,track,"reticle, cursor_proportional_y",-0.499583
115294.670192,89.415457,state,track,"reticle, cursor_proportional_y",-0.5
115294.786378,89.531642,state,track,"reticle, cursor_proportional_y",-0.489267
115294.886454,89.631714,state,track,"reticle, cursor_proportional_y",-0.5
115295.003315,89.748449,state,track,"reticle, cursor_proportional_y",-0.499526
115295.103422,89.848599,state,track,"reticle, cursor_proportional_y",-0.5
115295.436799,90.181973,state,track,"reticle, cursor_proportional_y",-0.49947
115295.553324,90.298504,state,track,"reticle, cursor_proportional_y",-0.5
115295.753466,90.49865,state,track,"reticle, cursor_proportional_y",-0.499428
115295.856589,90.601316,state,track,"reticle, cursor_proportional_y",-0.5
115295.969879,90.71511,state,track,"reticle, cursor_proportional_y",-0.469179
115296.070983,90.816231,state,track,"reticle, cursor_proportional_y",-0.5
115296.302744,91.048024,state,track,"reticle, cursor_proportional_y",-0.499358
115296.402826,91.148084,state,track,"reticle, cursor_proportional_y",-0.5
115296.503122,91.248312,state,track,"reticle, cursor_proportional_y",-0.499331
115296.603269,91.348474,state,track,"reticle, cursor_proportional_y",-0.5
115296.703516,91.448604,state,track,"reticle, cursor_proportional_y",-0.480013
115296.819717,91.564911,state,track,"reticle, cursor_proportional_y",-0.485089
115296.936795,91.682029,state,track,"reticle, cursor_proportional_y",-0.483079
115297.05295,91.798151,state,track,"reticle, cursor_proportional_y",-0.473339
115297.153571,91.898779,state,track,"reticle, cursor_proportional_y",-0.459084
115297.269667,92.014899,state,track,"reticle, cursor_proportional_y",-0.433241
115297.369906,92.115137,state,track,"reticle, cursor_proportional_y",-0.400955
115297.470065,92.215293,state,track,"reticle, cursor_proportional_y",-0.368655
115297.586523,92.3316,state,track,"reticle, cursor_proportional_y",-0.336985
115297.68673,92.431877,state,track,"reticle, cursor_proportional_y",-0.308516
115297.803134,92.548229,state,track,"reticle, cursor_proportional_y",-0.307039
115297.920306,92.665422,state,track,"reticle, cursor_proportional_y",-0.309408
115298.036477,92.781511,state,track,"reticle, cursor_proportional_y",-0.314977
115298.136674,92.881738,state,track,"reticle, cursor_proportional_y",-0.320534
115298.253109,92.998317,state,track,"reticle, cursor_proportional_y",-0.326077
115298.369576,93.11488,state,track,"reticle, cursor_proportional_y",-0.335464
115298.486184,93.231422,state,track,"reticle, cursor_proportional_y",-0.345481
115298.586239,93.331478,state,track,"reticle, cursor_proportional_y",-0.355485
115298.686374,93.431635,state,track,"reticle, cursor_proportional_y",-0.365476
115298.802954,93.54814,state,track,"reticle, cursor_proportional_y",-0.375454
115298.903126,93.648306,state,track,"reticle, cursor_proportional_y",-0.385418
115299.019899,93.764955,state,track,"reticle, cursor_proportional_y",-0.395369
115299.119721,93.864966,state,track,"reticle, cursor_proportional_y",-0.405307
115299.236406,93.981644,state,track,"reticle, cursor_proportional_y",-0.422948
115299.336618,94.081721,state,track,"reticle, cursor_proportional_y",-0.440576
115299.453286,94.198325,state,track,"reticle, cursor_proportional_y",-0.459477
115299.568304,94.313952,state,track,"reticle, cursor_proportional_y",-0.478364
115299.66967,94.414856,state,track,"reticle, cursor_proportional_y",-0.497239
115299.76986,94.515033,state,track,"reticle, cursor_proportional_y",-0.5
115299.86996,94.615146,state,track,"reticle, cursor_proportional_y",-0.498916
115299.969994,94.715233,state,track,"reticle, cursor_proportional_y",-0.5
115300.070131,94.815236,state,track,"reticle, cursor_proportional_y",-0.49889
115300.186617,94.931833,state,track,"reticle, cursor_proportional_y",-0.5
115300.303104,95.048326,state,track,"reticle, cursor_proportional_y",-0.497579
115300.403375,95.148605,state,track,"reticle, cursor_proportional_y",-0.5
115300.736469,95.481678,state,track,"reticle, cursor_proportional_y",-0.498815
115300.836967,95.581883,state,track,"reticle, cursor_proportional_y",-0.5
115300.953528,95.698555,state,track,"reticle, cursor_proportional_y",-0.496861
115301.069874,95.815474,state,track,"reticle, cursor_proportional_y",-0.5
115301.186248,95.931513,state,track,"reticle, cursor_proportional_y",-0.5
115301.286485,96.031746,state,track,"reticle, cursor_proportional_y",-0.496823
115301.40365,96.14839,state,track,"reticle, cursor_proportional_y",-0.5
115301.520444,96.265528,state,track,"reticle, cursor_proportional_y",-0.496156
115301.63648,96.38166,state,track,"reticle, cursor_proportional_y",-0.5
115301.953558,96.698776,state,track,"reticle, cursor_proportional_y",-0.482604
115302.070004,96.815207,state,track,"reticle, cursor_proportional_y",-0.5
115302.270361,97.015382,state,track,"reticle, cursor_proportional_y",-0.481926
115302.386279,97.131405,state,track,"reticle, cursor_proportional_y",-0.5
115302.486359,97.231618,state,track,"reticle, cursor_proportional_y",-0.499263
115302.603161,97.348304,state,track,"reticle, cursor_proportional_y",-0.5
115302.703178,97.44832,state,track,"reticle, cursor_proportional_y",-0.498597
115302.819868,97.565101,state,track,"reticle, cursor_proportional_y",-0.5
115302.933817,97.679326,state,track,"reticle, cursor_proportional_y",-0.498573
115303.050303,97.795899,state,track,"reticle, cursor_proportional_y",-0.5
115303.150617,97.896083,state,track,"reticle, cursor_proportional_y",-0.49855
115303.267297,98.012827,state,track,"reticle, cursor_proportional_y",-0.5
115303.383568,98.12911,state,track,"reticle, cursor_proportional_y",-0.498527
115303.483808,98.229368,state,track,"reticle, cursor_proportional_y",-0.5
115303.600319,98.345766,state,track,"reticle, cursor_proportional_y",-0.498505
115303.701162,98.446097,state,track,"reticle, cursor_proportional_y",-0.5
115303.817122,98.562514,state,track,"reticle, cursor_proportional_y",-0.498482
115303.917016,98.662595,state,track,"reticle, cursor_proportional_y",-0.5
115304.017304,98.762609,state,track,"reticle, cursor_proportional_y",-0.49846
115304.133701,98.879337,state,track,"reticle, cursor_proportional_y",-0.5
115304.250244,98.995748,state,track,"reticle, cursor_proportional_y",-0.498438
115304.367133,99.112663,state,track,"reticle, cursor_proportional_y",-0.5
115304.467173,99.21269,state,track,"reticle, cursor_proportional_y",-0.498416
115304.56725,99.312792,state,track,"reticle, cursor_proportional_y",-0.5
115304.68338,99.429035,state,track,"reticle, cursor_proportional_y",-0.498395
115304.800524,99.546087,state,track,"reticle, cursor_proportional_y",-0.5
115304.917171,99.662776,state,track,"reticle, cursor_proportional_y",-0.498374
115305.017304,99.762785,state,track,"reticle, cursor_proportional_y",-0.5
115305.133479,99.879025,state,track,"reticle, cursor_proportional_y",-0.498352
115305.233514,99.97912,state,track,"reticle, cursor_proportional_y",-0.5
115305.333639,100.079196,state,track,"reticle, cursor_proportional_y",-0.498332
115305.450717,100.196007,state,track,"reticle, cursor_proportional_y",-0.5
115305.566847,100.312528,state,track,"reticle, cursor_proportional_y",-0.498311
115305.669632,100.414894,state,track,"reticle, cursor_proportional_y",-0.5
115305.769893,100.515009,state,track,"reticle, cursor_proportional_y",-0.498291
115305.886281,100.631543,state,track,"reticle, cursor_proportional_y",-0.5
115306.003017,100.748236,state,track,"reticle, cursor_proportional_y",-0.498271
115306.119308,100.864587,state,track,"reticle, cursor_proportional_y",-0.5
115306.21971,100.964913,state,track,"reticle, cursor_proportional_y",-0.498251
115306.319767,101.064976,state,track,"reticle, cursor_proportional_y",-0.5
115306.436566,101.181613,state,track,"reticle, cursor_proportional_y",-0.498231
115306.536411,101.281629,state,track,"reticle, cursor_proportional_y",-0.5
115306.653136,101.398272,state,track,"reticle, cursor_proportional_y",-0.498212
115306.753368,101.498382,state,track,"reticle, cursor_proportional_y",-0.5
115306.853512,101.598521,state,track,"reticle, cursor_proportional_y",-0.498193
115306.953779,101.698842,state,track,"reticle, cursor_proportional_y",-0.5
115307.070718,101.81579,state,track,"reticle, cursor_proportional_y",-0.498174
115307.186183,101.93144,state,track,"reticle, cursor_proportional_y",-0.5
115307.286225,102.031467,state,track,"reticle, cursor_proportional_y",-0.498155
115307.403049,102.148214,state,track,"reticle, cursor_proportional_y",-0.5
115307.503141,102.248332,state,track,"reticle, cursor_proportional_y",-0.498137
115307.619781,102.365036,state,track,"reticle, cursor_proportional_y",-0.5
115307.736435,102.481479,state,track,"reticle, cursor_proportional_y",-0.498119
115307.836484,102.581621,state,track,"reticle, cursor_proportional_y",-0.5
115307.953045,102.698195,state,track,"reticle, cursor_proportional_y",-0.498101
115308.053065,102.798249,state,track,"reticle, cursor_proportional_y",-0.5
115308.153226,102.898274,state,track,"reticle, cursor_proportional_y",-0.498084
115308.25314,102.998288,state,track,"reticle, cursor_proportional_y",-0.5
115308.369744,103.114981,state,track,"reticle, cursor_proportional_y",-0.498067
115308.486172,103.23141,state,track,"reticle, cursor_proportional_y",-0.5
115308.602952,103.348151,state,track,"reticle, cursor_proportional_y",-0.49805
115308.703354,103.448255,state,track,"reticle, cursor_proportional_y",-0.5
115308.819732,103.564985,state,track,"reticle, cursor_proportional_y",-0.498033
115308.936497,103.68165,state,track,"reticle, cursor_proportional_y",-0.5
115309.053377,103.798181,state,track,"reticle, cursor_proportional_y",-0.498017
115309.153254,103.898441,state,track,"reticle, cursor_proportional_y",-0.5
115309.269578,104.014781,state,track,"reticle, cursor_proportional_y",-0.498001
115309.386143,104.131518,state,track,"reticle, cursor_proportional_y",-0.5
115309.503272,104.248276,state,track,"reticle, cursor_proportional_y",-0.497985
115309.62,104.365218,state,track,"reticle, cursor_proportional_y",-0.5
115309.736487,104.481643,state,track,"reticle, cursor_proportional_y",-0.497969
115309.852937,104.598016,state,track,"reticle, cursor_proportional_y",-0.5
115309.953085,104.698177,state,track,"reticle, cursor_proportional_y",-0.497954
115310.070959,104.816029,state,track,"reticle, cursor_proportional_y",-0.5
115310.186827,104.932039,state,track,"reticle, cursor_proportional_y",-0.5
115310.303015,105.04826,state,track,"reticle, cursor_proportional_y",-0.472212
115310.416355,105.162013,state,track,"reticle, cursor_proportional_y",-0.5
115310.519519,105.264736,state,track,"reticle, cursor_proportional_y",-0.497274
115310.619649,105.364779,state,track,"reticle, cursor_proportional_y",-0.5
115310.71955,105.464873,state,track,"reticle, cursor_proportional_y",-0.5
115310.836222,105.581428,state,track,"reticle, cursor_proportional_y",-0.5
115310.953015,105.698264,state,track,"reticle, cursor_proportional_y",-0.5
115311.053271,105.79848,state,track,"reticle, cursor_proportional_y",-0.497883
115311.169563,105.914824,state,track,"reticle, cursor_proportional_y",-0.5
115311.286371,106.031616,state,track,"reticle, cursor_proportional_y",-0.5
115311.4028,106.148158,state,track,"reticle, cursor_proportional_y",-0.459925
115311.503689,106.248911,state,track,"reticle, cursor_proportional_y",-0.5
115311.619626,106.364791,state,track,"reticle, cursor_proportional_y",-0.5
115311.73647,106.48151,state,track,"reticle, cursor_proportional_y",-0.497843
115311.836458,106.581556,state,track,"reticle, cursor_proportional_y",-0.5
115311.93643,106.681574,state,track,"reticle, cursor_proportional_y",-0.497831
115312.036575,106.781602,state,track,"reticle, cursor_proportional_y",-0.5
115312.153016,106.898188,state,track,"reticle, cursor_proportional_y",-0.497819
