115205.430063,0.174963,state,track,"reticle, cursor_proportional_x",0.004
115205.54112,0.28572,state,track,"reticle, cursor_proportional_x",0.003428
115205.656896,0.402404,state,track,"reticle, cursor_proportional_x",0.002855
115205.756927,0.502513,state,track,"reticle, cursor_proportional_x",0.002283
115205.859575,0.604976,state,track,"reticle, cursor_proportional_x",0.00171
115205.959902,0.705325,state,track,"reticle, cursor_proportional_x",0.001137
115206.075778,0.821274,state,track,"reticle, cursor_proportional_x",0.000564
115206.193561,0.939061,state,track,"reticle, cursor_proportional_x",-1e-05
115206.310212,1.054768,state,track,"reticle, cursor_proportional_x",0.001988
115206.41022,1.155363,state,track,"reticle, cursor_proportional_x",0.003985
115206.52593,1.271119,state,track,"reticle, cursor_proportional_x",0.005981
115206.626157,1.371258,state,track,"reticle, cursor_proportional_x",0.007978
115206.742556,1.487877,state,track,"reticle, cursor_proportional_x",0.009973
115206.859497,1.604607,state,track,"reticle, cursor_proportional_x",0.011968
115206.959422,1.704608,state,track,"reticle, cursor_proportional_x",0.013962
115207.075996,1.821293,state,track,"reticle, cursor_proportional_x",0.015955
115207.192712,1.937987,state,track,"reticle, cursor_proportional_x",0.017947
115207.309342,2.054558,state,track,"reticle, cursor_proportional_x",0.019939
115207.409504,2.154707,state,track,"reticle, cursor_proportional_x",0.021929
115207.526069,2.271369,state,track,"reticle, cursor_proportional_x",0.023919
115207.62624,2.37142,state,track,"reticle, cursor_proportional_x",0.025907
115207.743147,2.488478,state,track,"reticle, cursor_proportional_x",0.027252
115207.859896,2.604995,state,track,"reticle, cursor_proportional_x",0.027309
115207.975839,2.721067,state,track,"reticle, cursor_proportional_x",0.026079
115208.08978,2.835458,state,track,"reticle, cursor_proportional_x",0.024847
115208.190171,2.935777,state,track,"reticle, cursor_proportional_x",0.023615
115208.306267,3.051885,state,track,"reticle, cursor_proportional_x",0.022381
115208.406777,3.152222,state,track,"reticle, cursor_proportional_x",0.021146
115208.509368,3.254498,state,track,"reticle, cursor_proportional_x",0.019909
115208.623202,3.368832,state,track,"reticle, cursor_proportional_x",0.018671
115208.739818,3.485339,state,track,"reticle, cursor_proportional_x",0.017431
115208.856607,3.602075,state,track,"reticle, cursor_proportional_x",0.01619
115208.957283,3.702546,state,track,"reticle, cursor_proportional_x",0.014947
115209.072794,3.81849,state,track,"reticle, cursor_proportional_x",0.013702
115209.173086,3.918653,state,track,"reticle, cursor_proportional_x",0.012455
115209.289686,4.035095,state,track,"reticle, cursor_proportional_x",0.011207
115209.389879,4.135379,state,track,"reticle, cursor_proportional_x",0.009957
115209.489895,4.235443,state,track,"reticle, cursor_proportional_x",0.008705
115209.606421,4.352038,state,track,"reticle, cursor_proportional_x",0.007451
115209.723535,4.468874,state,track,"reticle, cursor_proportional_x",0.006195
115209.839648,4.585235,state,track,"reticle, cursor_proportional_x",0.004937
115209.939787,4.685444,state,track,"reticle, cursor_proportional_x",0.003677
115210.05648,4.802041,state,track,"reticle, cursor_proportional_x",0.002415
115210.156689,4.902068,state,track,"reticle, cursor_proportional_x",0.001151
115210.256948,5.002381,state,track,"reticle, cursor_proportional_x",-0.000116
115210.372952,5.11843,state,track,"reticle, cursor_proportional_x",-0.001384
115210.473154,5.218531,state,track,"reticle, cursor_proportional_x",-0.002656
115210.573443,5.318944,state,track,"reticle, cursor_proportional_x",-0.003929
115210.689684,5.435014,state,track,"reticle, cursor_proportional_x",-0.005205
115210.790008,5.535608,state,track,"reticle, cursor_proportional_x",-0.006484
115210.892505,5.637737,state,track,"reticle, cursor_proportional_x",-0.007764
115211.009208,5.7544,state,track,"reticle, cursor_proportional_x",-0.009048
115211.125826,5.871081,state,track,"reticle, cursor_proportional_x",-0.010334
115211.225931,5.97124,state,track,"reticle, cursor_proportional_x",-0.011623
115211.342243,6.087541,state,track,"reticle, cursor_proportional_x",-0.012915
115211.459029,6.204313,state,track,"reticle, cursor_proportional_x",-0.014209
115211.559062,6.304334,state,track,"reticle, cursor_proportional_x",-0.015506
115211.659106,6.404372,state,track,"reticle, cursor_proportional_x",-0.016806
115211.775558,6.520846,state,track,"reticle, cursor_proportional_x",-0.018109
115211.875721,6.621006,state,track,"reticle, cursor_proportional_x",-0.019415
115211.976026,6.721465,state,track,"reticle, cursor_proportional_x",-0.020723
115212.092431,6.837592,state,track,"reticle, cursor_proportional_x",-0.022035
115212.20902,6.954251,state,track,"reticle, cursor_proportional_x",-0.02335
115212.325867,7.071137,state,track,"reticle, cursor_proportional_x",-0.024668
115212.442069,7.187371,state,track,"reticle, cursor_proportional_x",-0.02599
115212.559189,7.304433,state,track,"reticle, cursor_proportional_x",-0.027314
115212.67562,7.420922,state,track,"reticle, cursor_proportional_x",-0.028642
115212.792121,7.537422,state,track,"reticle, cursor_proportional_x",-0.029973
115212.892211,7.637479,state,track,"reticle, cursor_proportional_x",-0.031308
115213.009229,7.754404,state,track,"reticle, cursor_proportional_x",-0.032646
115213.125746,7.870989,state,track,"reticle, cursor_proportional_x",-0.033987
115213.242222,7.987543,state,track,"reticle, cursor_proportional_x",-0.035332
115213.342284,8.087611,state,track,"reticle, cursor_proportional_x",-0.036681
115213.445756,8.190563,state,track,"reticle, cursor_proportional_x",-0.038033
115213.558806,8.303992,state,track,"reticle, cursor_proportional_x",-0.039389
115213.658753,8.40401,state,track,"reticle, cursor_proportional_x",-0.040749
115213.758844,8.504076,state,track,"reticle, cursor_proportional_x",-0.042112
115213.859308,8.604177,state,track,"reticle, cursor_proportional_x",-0.043479
115213.958963,8.704213,state,track,"reticle, cursor_proportional_x",-0.04485
115214.07556,8.820842,state,track,"reticle, cursor_proportional_x",-0.046225
115214.175592,8.920885,state,track,"reticle, cursor_proportional_x",-0.047604
115214.292341,9.037438,state,track,"reticle, cursor_proportional_x",-0.048986
115214.3922,9.137498,state,track,"reticle, cursor_proportional_x",-0.050373
115214.508727,9.253914,state,track,"reticle, cursor_proportional_x",-0.051764
115214.608892,9.354057,state,track,"reticle, cursor_proportional_x",-0.053159
115214.725432,9.470668,state,track,"reticle, cursor_proportional_x",-0.054558
115214.825847,9.571019,state,track,"reticle, cursor_proportional_x",-0.055962
115214.942117,9.687451,state,track,"reticle, cursor_proportional_x",-0.056083
115215.058741,9.803987,state,track,"reticle, cursor_proportional_x",-0.056209
115215.158786,9.904052,state,track,"reticle, cursor_proportional_x",-0.05634
115215.275532,10.020769,state,track,"reticle, cursor_proportional_x",-0.056474
115215.392195,10.137488,state,track,"reticle, cursor_proportional_x",-0.055327
115215.508692,10.253834,state,track,"reticle, cursor_proportional_x",-0.054185
115215.608652,10.353855,state,track,"reticle, cursor_proportional_x",-0.053047
115215.725355,10.470682,state,track,"reticle, cursor_proportional_x",-0.051914
115215.825525,10.570787,state,track,"reticle, cursor_proportional_x",-0.050785
115215.925821,10.67112,state,track,"reticle, cursor_proportional_x",-0.049661
115216.039305,10.784999,state,track,"reticle, cursor_proportional_x",-0.048542
115216.142103,10.887263,state,track,"reticle, cursor_proportional_x",-0.047427
115216.242058,10.987322,state,track,"reticle, cursor_proportional_x",-0.046318
115216.358621,11.103875,state,track,"reticle, cursor_proportional_x",-0.045213
115216.458628,11.203902,state,track,"reticle, cursor_proportional_x",-0.044113
115216.558706,11.303949,state,track,"reticle, cursor_proportional_x",-0.043017
115216.675241,11.420559,state,track,"reticle, cursor_proportional_x",-0.041927
115216.775264,11.520572,state,track,"reticle, cursor_proportional_x",-0.040842
115216.875424,11.620736,state,track,"reticle, cursor_proportional_x",-0.039762
115216.978897,11.723528,state,track,"reticle, cursor_proportional_x",-0.038687
115217.091574,11.836942,state,track,"reticle, cursor_proportional_x",-0.037617
115217.19209,11.937302,state,track,"reticle, cursor_proportional_x",-0.036553
115217.308753,12.053969,state,track,"reticle, cursor_proportional_x",-0.035493
115217.425829,12.170946,state,track,"reticle, cursor_proportional_x",-0.034439
115217.542139,12.287342,state,track,"reticle, cursor_proportional_x",-0.03339
115217.658463,12.403667,state,track,"reticle, cursor_proportional_x",-0.032347
115217.758527,12.503732,state,track,"reticle, cursor_proportional_x",-0.031309
115217.858681,12.603866,state,track,"reticle, cursor_proportional_x",-0.030276
115217.975278,12.720543,state,track,"reticle, cursor_proportional_x",-0.029249
115218.091959,12.837271,state,track,"reticle, cursor_proportional_x",-0.028227
115218.194975,12.939809,state,track,"reticle, cursor_proportional_x",-0.027211
115218.308824,13.054047,state,track,"reticle, cursor_proportional_x",-0.026201
115218.425159,13.170466,state,track,"reticle, cursor_proportional_x",-0.025196
115218.525312,13.270603,state,track,"reticle, cursor_proportional_x",-0.024197
115218.641053,13.386433,state,track,"reticle, cursor_proportional_x",-0.023203
115218.742096,13.487138,state,track,"reticle, cursor_proportional_x",-0.022216
115218.842139,13.587258,state,track,"reticle, cursor_proportional_x",-0.021234
115218.957852,13.703206,state,track,"reticle, cursor_proportional_x",-0.020258
115219.05846,13.803707,state,track,"reticle, cursor_proportional_x",-0.019288
115219.158661,13.903714,state,track,"reticle, cursor_proportional_x",-0.018323
115219.259048,14.004196,state,track,"reticle, cursor_proportional_x",-0.017365
115219.375102,14.120302,state,track,"reticle, cursor_proportional_x",-0.016413
115219.49179,14.237118,state,track,"reticle, cursor_proportional_x",-0.015467
115219.608941,14.353928,state,track,"reticle, cursor_proportional_x",-0.014527
115219.72488,14.47019,state,track,"reticle, cursor_proportional_x",-0.013593
115219.82528,14.570563,state,track,"reticle, cursor_proportional_x",-0.012665
115219.941407,14.68677,state,track,"reticle, cursor_proportional_x",-0.011744
115220.058651,14.803836,state,track,"reticle, cursor_proportional_x",-0.010828
115220.175131,14.920384,state,track,"reticle, cursor_proportional_x",-0.009919
115220.275178,15.020479,state,track,"reticle, cursor_proportional_x",-0.009017
115220.391679,15.136998,state,track,"reticle, cursor_proportional_x",-0.008121
115220.508237,15.253432,state,track,"reticle, cursor_proportional_x",-0.007231
115220.608545,15.353769,state,track,"reticle, cursor_proportional_x",-0.006347
115220.723972,15.469464,state,track,"reticle, cursor_proportional_x",-0.00547
115220.82485,15.569902,state,track,"reticle, cursor_proportional_x",-0.0046
115220.924973,15.670248,state,track,"reticle, cursor_proportional_x",-0.003736
115221.042253,15.787492,state,track,"reticle, cursor_proportional_x",-0.002879
115221.158285,15.903533,state,track,"reticle, cursor_proportional_x",-0.002028
115221.275076,16.02034,state,track,"reticle, cursor_proportional_x",-0.001184
115221.391466,16.136806,state,track,"reticle, cursor_proportional_x",-0.000347
115221.491633,16.236914,state,track,"reticle, cursor_proportional_x",0.000484
115221.608325,16.353507,state,track,"reticle, cursor_proportional_x",0.001308
115221.725124,16.470413,state,track,"reticle, cursor_proportional_x",0.002125
115221.841447,16.586786,state,track,"reticle, cursor_proportional_x",0.002935
115221.941685,16.687007,state,track,"reticle, cursor_proportional_x",0.003738
115222.042282,16.787549,state,track,"reticle, cursor_proportional_x",0.004534
115222.15816,16.903428,state,track,"reticle, cursor_proportional_x",0.005324
115222.274962,17.020269,state,track,"reticle, cursor_proportional_x",0.006106
115222.391026,17.136441,state,track,"reticle, cursor_proportional_x",0.006881
115222.491652,17.236968,state,track,"reticle, cursor_proportional_x",0.00765
115222.608297,17.353525,state,track,"reticle, cursor_proportional_x",0.008411
115222.722693,17.467987,state,track,"reticle, cursor_proportional_x",0.009165
115222.825201,17.570331,state,track,"reticle, cursor_proportional_x",0.009911
115222.941728,17.68683,state,track,"reticle, cursor_proportional_x",0.010651
115223.058205,17.803391,state,track,"reticle, cursor_proportional_x",0.011383
115223.174812,17.920141,state,track,"reticle, cursor_proportional_x",0.003749
115223.291581,18.036885,state,track,"reticle, cursor_proportional_x",-0.003892
115223.408386,18.153601,state,track,"reticle, cursor_proportional_x",-0.01154
115223.5288,18.273623,state,track,"reticle, cursor_proportional_x",-0.019196
115223.64131,18.386634,state,track,"reticle, cursor_proportional_x",-0.025574
115223.741707,18.486759,state,track,"reticle, cursor_proportional_x",-0.026815
115223.84151,18.586761,state,track,"reticle, cursor_proportional_x",-0.028063
115223.958157,18.703344,state,track,"reticle, cursor_proportional_x",-0.029319
115224.058415,18.803605,state,track,"reticle, cursor_proportional_x",-0.030582
115224.177955,18.920067,state,track,"reticle, cursor_proportional_x",-0.031853
115224.291264,19.03661,state,track,"reticle, cursor_proportional_x",-0.033132
115224.391339,19.136667,state,track,"reticle, cursor_proportional_x",-0.034418
115224.49151,19.236828,state,track,"reticle, cursor_proportional_x",-0.035712
115224.6084,19.353479,state,track,"reticle, cursor_proportional_x",-0.037013
115224.722004,19.467644,state,track,"reticle, cursor_proportional_x",-0.038323
115224.825047,19.57029,state,track,"reticle, cursor_proportional_x",-0.03964
115224.941486,19.686776,state,track,"reticle, cursor_proportional_x",-0.038392
115225.041949,19.787227,state,track,"reticle, cursor_proportional_x",-0.037153
115225.157843,19.903102,state,track,"reticle, cursor_proportional_x",-0.035922
115225.258169,20.003471,state,track,"reticle, cursor_proportional_x",-0.034698
115225.374673,20.119983,state,track,"reticle, cursor_proportional_x",-0.033483
115225.491375,20.236528,state,track,"reticle, cursor_proportional_x",-0.032275
115225.60789,20.353167,state,track,"reticle, cursor_proportional_x",-0.031075
115225.724692,20.469966,state,track,"reticle, cursor_proportional_x",-0.029884
115225.82494,20.570136,state,track,"reticle, cursor_proportional_x",-0.0287
115225.941563,20.686704,state,track,"reticle, cursor_proportional_x",-0.027524
115226.043547,20.788748,state,track,"reticle, cursor_proportional_x",-0.026357
115226.157991,20.90325,state,track,"reticle, cursor_proportional_x",-0.025198
115226.258239,21.003381,state,track,"reticle, cursor_proportional_x",-0.024047
115226.374923,21.120193,state,track,"reticle, cursor_proportional_x",-0.022904
115226.491095,21.236335,state,track,"reticle, cursor_proportional_x",-0.021769
115226.591365,21.336606,state,track,"reticle, cursor_proportional_x",-0.020642
115226.707958,21.453138,state,track,"reticle, cursor_proportional_x",-0.019524
115226.824485,21.569766,state,track,"reticle, cursor_proportional_x",-0.018414
115226.924741,21.669932,state,track,"reticle, cursor_proportional_x",-0.017313
115227.024808,21.77007,state,track,"reticle, cursor_proportional_x",-0.01622
115227.141477,21.886777,state,track,"reticle, cursor_proportional_x",-0.015135
115227.257906,22.003172,state,track,"reticle, cursor_proportional_x",-0.014058
115227.374379,22.119703,state,track,"reticle, cursor_proportional_x",-0.012991
115227.491167,22.236472,state,track,"reticle, cursor_proportional_x",-0.011931
115227.591183,22.336488,state,track,"reticle, cursor_proportional_x",-0.01088
115227.691245,22.436543,state,track,"reticle, cursor_proportional_x",-0.009838
115227.79137,22.536716,state,track,"reticle, cursor_proportional_x",-0.008804
115227.892937,22.637794,state,track,"reticle, cursor_proportional_x",-0.007778
115228.007223,22.752548,state,track,"reticle, cursor_proportional_x",-0.006762
115228.10779,22.853053,state,track,"reticle, cursor_proportional_x",-0.005753
115228.224637,22.969791,state,track,"reticle, cursor_proportional_x",-0.004754
115228.32453,23.069818,state,track,"reticle, cursor_proportional_x",-0.003763
115228.441168,23.186519,state,track,"reticle, cursor_proportional_x",-0.002781
115228.541943,23.28726,state,track,"reticle, cursor_proportional_x",-0.006952
115228.658156,23.403261,state,track,"reticle, cursor_proportional_x",-0.011131
115228.774541,23.519839,state,track,"reticle, cursor_proportional_x",-0.015319
115228.891216,23.636519,state,track,"reticle, cursor_proportional_x",-0.019516
115229.007746,23.753012,state,track,"reticle, cursor_proportional_x",-0.023722
115229.124414,23.869564,state,track,"reticle, cursor_proportional_x",-0.027937
115229.224676,23.969965,state,track,"reticle, cursor_proportional_x",-0.03216
115229.341408,24.086547,state,track,"reticle, cursor_proportional_x",-0.036393
115229.457901,24.203111,state,track,"reticle, cursor_proportional_x",-0.041277
115229.574384,24.319485,state,track,"reticle, cursor_proportional_x",-0.04617
115229.674318,24.419647,state,track,"reticle, cursor_proportional_x",-0.049143
115229.791002,24.536323,state,track,"reticle, cursor_proportional_x",-0.050839
115229.891173,24.636425,state,track,"reticle, cursor_proportional_x",-0.051902
115230.007997,24.753148,state,track,"reticle, cursor_proportional_x",-0.05233
115230.108564,24.853715,state,track,"reticle, cursor_proportional_x",-0.052767
115230.224476,24.969683,state,track,"reticle, cursor_proportional_x",-0.053213
115230.324555,25.069771,state,track,"reticle, cursor_proportional_x",-0.053669
115230.440919,25.18614,state,track,"reticle, cursor_proportional_x",-0.054133
115230.541398,25.286262,state,track,"reticle, cursor_proportional_x",-0.054607
115230.65753,25.402823,state,track,"reticle, cursor_proportional_x",-0.055089
115230.75797,25.503152,state,track,"reticle, cursor_proportional_x",-0.055581
115230.874258,25.619479,state,track,"reticle, cursor_proportional_x",-0.056082
115230.974171,25.71949,state,track,"reticle, cursor_proportional_x",-0.056593
115231.074204,25.819493,state,track,"reticle, cursor_proportional_x",-0.057112
115231.19088,25.936188,state,track,"reticle, cursor_proportional_x",-0.057641
115231.290957,26.036275,state,track,"reticle, cursor_proportional_x",-0.058179
115231.407928,26.153177,state,track,"reticle, cursor_proportional_x",-0.058726
115231.507983,26.253213,state,track,"reticle, cursor_proportional_x",-0.059283
115231.624473,26.369686,state,track,"reticle, cursor_proportional_x",-0.059849
115231.74113,26.486345,state,track,"reticle, cursor_proportional_x",-0.059781
115231.841767,26.587021,state,track,"reticle, cursor_proportional_x",-0.059723
115231.957734,26.702943,state,track,"reticle, cursor_proportional_x",-0.059674
115232.074264,26.819517,state,track,"reticle, cursor_proportional_x",-0.059634
115232.190895,26.936146,state,track,"reticle, cursor_proportional_x",-0.058961
115232.290877,27.036155,state,track,"reticle, cursor_proportional_x",-0.058298
115232.390968,27.136245,state,track,"reticle, cursor_proportional_x",-0.057643
115232.491441,27.236688,state,track,"reticle, cursor_proportional_x",-0.056998
115232.607491,27.35274,state,track,"reticle, cursor_proportional_x",-0.056363
115232.70761,27.452856,state,track,"reticle, cursor_proportional_x",-0.055737
115232.824291,27.569528,state,track,"reticle, cursor_proportional_x",-0.055121
115232.924301,27.669568,state,track,"reticle, cursor_proportional_x",-0.054514
115233.024752,27.769901,state,track,"reticle, cursor_proportional_x",-0.053916
115233.141653,27.886871,state,track,"reticle, cursor_proportional_x",-0.053329
115233.257423,28.00266,state,track,"reticle, cursor_proportional_x",-0.05275
115233.357753,28.10298,state,track,"reticle, cursor_proportional_x",-0.052182
115233.474169,28.219487,state,track,"reticle, cursor_proportional_x",-0.051623
115233.591136,28.336061,state,track,"reticle, cursor_proportional_x",-0.051073
115233.70785,28.453135,state,track,"reticle, cursor_proportional_x",-0.050534
115233.824125,28.569388,state,track,"reticle, cursor_proportional_x",-0.050003
115233.924144,28.66942,state,track,"reticle, cursor_proportional_x",-0.049483
115234.041441,28.786248,state,track,"reticle, cursor_proportional_x",-0.048972
115234.141239,28.886401,state,track,"reticle, cursor_proportional_x",-0.048471
115234.257546,29.00275,state,track,"reticle, cursor_proportional_x",-0.047979
115234.374157,29.119426,state,track,"reticle, cursor_proportional_x",-0.047497
115234.490704,29.236009,state,track,"reticle, cursor_proportional_x",-0.047025
115234.607529,29.352788,state,track,"reticle, cursor_proportional_x",-0.046563
115234.72408,29.469394,state,track,"reticle, cursor_proportional_x",-0.04611
115234.840679,29.585975,state,track,"reticle, cursor_proportional_x",-0.045667
115234.957676,29.702773,state,track,"reticle, cursor_proportional_x",-0.045234
115235.074552,29.81953,state,track,"reticle, cursor_proportional_x",-0.044811
115235.190588,29.93592,state,track,"reticle, cursor_proportional_x",-0.044397
115235.307144,30.052383,state,track,"reticle, cursor_proportional_x",-0.043994
115235.407341,30.152599,state,track,"reticle, cursor_proportional_x",-0.0436
115235.524128,30.269335,state,track,"reticle, cursor_proportional_x",-0.043215
115235.624266,30.36949,state,track,"reticle, cursor_proportional_x",-0.042841
115235.740862,30.485969,state,track,"reticle, cursor_proportional_x",-0.042476
115235.857589,30.602834,state,track,"reticle, cursor_proportional_x",-0.042122
115235.973874,30.719166,state,track,"reticle, cursor_proportional_x",-0.041777
115236.074155,30.819443,state,track,"reticle, cursor_proportional_x",-0.041442
115236.190504,30.935787,state,track,"reticle, cursor_proportional_x",-0.041117
115236.307291,31.052455,state,track,"reticle, cursor_proportional_x",-0.040801
115236.424057,31.169349,state,track,"reticle, cursor_proportional_x",-0.040496
115236.540797,31.285942,state,track,"reticle, cursor_proportional_x",-0.040201
115236.640709,31.385948,state,track,"reticle, cursor_proportional_x",-0.039915
115236.757542,31.502733,state,track,"reticle, cursor_proportional_x",-0.039639
115236.873944,31.619265,state,track,"reticle, cursor_proportional_x",-0.039373
115236.990482,31.735782,state,track,"reticle, cursor_proportional_x",-0.039118
115237.090471,31.835782,state,track,"reticle, cursor_proportional_x",-0.038872
115237.207421,31.952648,state,track,"reticle, cursor_proportional_x",-0.038636
115237.323966,32.069186,state,track,"reticle, cursor_proportional_x",-0.038409
115237.440508,32.185805,state,track,"reticle, cursor_proportional_x",-0.038193
115237.541039,32.285964,state,track,"reticle, cursor_proportional_x",-0.037987
115237.640752,32.386025,state,track,"reticle, cursor_proportional_x",-0.037791
115237.757107,32.502367,state,track,"reticle, cursor_proportional_x",-0.037604
115237.8735,32.618839,state,track,"reticle, cursor_proportional_x",-0.037428
115237.973971,32.719164,state,track,"reticle, cursor_proportional_x",-0.037262
115238.09023,32.835485,state,track,"reticle, cursor_proportional_x",-0.037105
115238.190462,32.935676,state,track,"reticle, cursor_proportional_x",-0.036959
115238.307141,33.052418,state,track,"reticle, cursor_proportional_x",-0.036822
115238.407172,33.15243,state,track,"reticle, cursor_proportional_x",-0.036696
115238.507309,33.252471,state,track,"reticle, cursor_proportional_x",-0.036579
115238.6239,33.369062,state,track,"reticle, cursor_proportional_x",-0.036473
115238.740598,33.485887,state,track,"reticle, cursor_proportional_x",-0.036376
115238.854676,33.600008,state,track,"reticle, cursor_proportional_x",-0.03629
115238.957148,33.702422,state,track,"reticle, cursor_proportional_x",-0.036213
115239.073078,33.818346,state,track,"reticle, cursor_proportional_x",-0.036146
115239.174055,33.91928,state,track,"reticle, cursor_proportional_x",-0.03609
115239.290464,34.035662,state,track,"reticle, cursor_proportional_x",-0.036043
115239.407076,34.152258,state,track,"reticle, cursor_proportional_x",-0.036007
115239.523956,34.26916,state,track,"reticle, cursor_proportional_x",-0.03598
115239.640518,34.385799,state,track,"reticle, cursor_proportional_x",-0.035964
115239.757369,34.502557,state,track,"reticle, cursor_proportional_x",-0.035957
115239.873735,34.618917,state,track,"reticle, cursor_proportional_x",-0.03596
115239.973873,34.719075,state,track,"reticle, cursor_proportional_x",-0.035974
115240.090318,34.835446,state,track,"reticle, cursor_proportional_x",-0.035997
115240.207035,34.952107,state,track,"reticle, cursor_proportional_x",-0.036031
115240.306925,35.052143,state,track,"reticle, cursor_proportional_x",-0.036074
115240.423851,35.168934,state,track,"reticle, cursor_proportional_x",-0.036127
115240.523678,35.268969,state,track,"reticle, cursor_proportional_x",-0.036191
115240.640574,35.385722,state,track,"reticle, cursor_proportional_x",-0.036264
115240.757171,35.502403,state,track,"reticle, cursor_proportional_x",-0.036348
115240.870201,35.616017,state,track,"reticle, cursor_proportional_x",-0.036441
115240.973631,35.718958,state,track,"reticle, cursor_proportional_x",-0.036544
115241.09039,35.835593,state,track,"reticle, cursor_proportional_x",-0.036658
115241.207083,35.952345,state,track,"reticle, cursor_proportional_x",-0.036781
115241.323347,36.06866,state,track,"reticle, cursor_proportional_x",-0.036914
115241.423796,36.168926,state,track,"reticle, cursor_proportional_x",-0.037058
115241.523587,36.268927,state,track,"reticle, cursor_proportional_x",-0.037211
115241.64027,36.385568,state,track,"reticle, cursor_proportional_x",-0.037374
115241.757319,36.502404,state,track,"reticle, cursor_proportional_x",-0.037547
115241.870106,36.615897,state,track,"reticle, cursor_proportional_x",-0.03773
115241.973657,36.718971,state,track,"reticle, cursor_proportional_x",-0.037923
115242.09014,36.835381,state,track,"reticle, cursor_proportional_x",-0.038127
115242.190244,36.935493,state,track,"reticle, cursor_proportional_x",-0.03834
115242.290254,37.035495,state,track,"reticle, cursor_proportional_x",-0.038562
115242.406942,37.152144,state,track,"reticle, cursor_proportional_x",-0.038795
115242.523748,37.269,state,track,"reticle, cursor_proportional_x",-0.039038
115242.64007,37.385354,state,track,"reticle, cursor_proportional_x",-0.039291
115242.740255,37.485536,state,track,"reticle, cursor_proportional_x",-0.039554
115242.840251,37.585549,state,track,"reticle, cursor_proportional_x",-0.039826
115242.958069,37.703274,state,track,"reticle, cursor_proportional_x",-0.040109
115243.073482,37.818789,state,track,"reticle, cursor_proportional_x",-0.040401
115243.174106,37.918913,state,track,"reticle, cursor_proportional_x",-0.040703
115243.287308,38.032809,state,track,"reticle, cursor_proportional_x",-0.041015
115243.403903,38.149459,state,track,"reticle, cursor_proportional_x",-0.041337
115243.504214,38.249592,state,track,"reticle, cursor_proportional_x",-0.041669
115243.604414,38.349651,state,track,"reticle, cursor_proportional_x",-0.042011
115243.720544,38.466235,state,track,"reticle, cursor_proportional_x",-0.042362
115243.837332,38.582963,state,track,"reticle, cursor_proportional_x",-0.042724
115243.939186,38.684402,state,track,"reticle, cursor_proportional_x",-0.043095
115244.056072,38.800977,state,track,"reticle, cursor_proportional_x",-0.043476
115244.155891,38.901096,state,track,"reticle, cursor_proportional_x",-0.043867
115244.255854,39.001096,state,track,"reticle, cursor_proportional_x",-0.044268
115244.372529,39.117728,state,track,"reticle, cursor_proportional_x",-0.044678
115244.489231,39.234292,state,track,"reticle, cursor_proportional_x",-0.045098
115244.589015,39.33435,state,track,"reticle, cursor_proportional_x",-0.045528
115244.68904,39.43437,state,track,"reticle, cursor_proportional_x",-0.045968
115244.80617,39.55126,state,track,"reticle, cursor_proportional_x",-0.046418
115244.922552,39.66778,state,track,"reticle, cursor_proportional_x",-0.046877
115245.022647,39.767802,state,track,"reticle, cursor_proportional_x",-0.047346
115245.13724,39.882835,state,track,"reticle, cursor_proportional_x",-0.047825
115245.237316,39.982992,state,track,"reticle, cursor_proportional_x",-0.048313
115245.353962,40.099579,state,track,"reticle, cursor_proportional_x",-0.048811
115245.456523,40.201474,state,track,"reticle, cursor_proportional_x",-0.049319
115245.572579,40.317754,state,track,"reticle, cursor_proportional_x",-0.049836
115245.687244,40.432719,state,track,"reticle, cursor_proportional_x",-0.050364
115245.787468,40.532839,state,track,"reticle, cursor_proportional_x",-0.0509
115245.887763,40.633221,state,track,"reticle, cursor_proportional_x",-0.051447
115246.004119,40.749407,state,track,"reticle, cursor_proportional_x",-0.052003
115246.106656,40.851823,state,track,"reticle, cursor_proportional_x",-0.052568
115246.223025,40.968284,state,track,"reticle, cursor_proportional_x",-0.053143
115246.323057,41.068335,state,track,"reticle, cursor_proportional_x",-0.053728
115246.423228,41.168513,state,track,"reticle, cursor_proportional_x",-0.054322
115246.539994,41.28527,state,track,"reticle, cursor_proportional_x",-0.054926
115246.656176,41.401463,state,track,"reticle, cursor_proportional_x",-0.05554
115246.756717,41.501939,state,track,"reticle, cursor_proportional_x",-0.056163
115246.873553,41.618841,state,track,"reticle, cursor_proportional_x",-0.056795
115246.989749,41.735053,state,track,"reticle, cursor_proportional_x",-0.057437
115247.089764,41.835075,state,track,"reticle, cursor_proportional_x",-0.058088
115247.190158,41.935317,state,track,"reticle, cursor_proportional_x",-0.058749
115247.306307,42.051572,state,track,"reticle, cursor_proportional_x",-0.059419
115247.406357,42.151628,state,track,"reticle, cursor_proportional_x",-0.060099
115247.506479,42.251723,state,track,"reticle, cursor_proportional_x",-0.060788
115247.606901,42.351907,state,track,"reticle, cursor_proportional_x",-0.061486
115247.722626,42.468081,state,track,"reticle, cursor_proportional_x",-0.062194
115247.82299,42.56829,state,track,"reticle, cursor_proportional_x",-0.062911
115247.939875,42.685182,state,track,"reticle, cursor_proportional_x",-0.063637
115248.057176,42.802151,state,track,"reticle, cursor_proportional_x",-0.064373
115248.173283,42.918582,state,track,"reticle, cursor_proportional_x",-0.065118
115248.289844,43.035152,state,track,"reticle, cursor_proportional_x",-0.065872
115248.406332,43.151583,state,track,"reticle, cursor_proportional_x",-0.066636
115248.506726,43.251771,state,track,"reticle, cursor_proportional_x",-0.067408
115248.622965,43.368296,state,track,"reticle, cursor_proportional_x",-0.06819
115248.722987,43.468308,state,track,"reticle, cursor_proportional_x",-0.068982
115248.823834,43.569067,state,track,"reticle, cursor_proportional_x",-0.069782
115248.937749,43.68309,state,track,"reticle, cursor_proportional_x",-0.070591
115249.039572,43.784879,state,track,"reticle, cursor_proportional_x",-0.07141
115249.139706,43.884999,state,track,"reticle, cursor_proportional_x",-0.072238
115249.239853,43.98517,state,track,"reticle, cursor_proportional_x",-0.073075
115249.355838,44.10117,state,track,"reticle, cursor_proportional_x",-0.073921
115249.455943,44.201174,state,track,"reticle, cursor_proportional_x",-0.074776
115249.57289,44.318215,state,track,"reticle, cursor_proportional_x",-0.07564
115249.67314,44.418408,state,track,"reticle, cursor_proportional_x",-0.076513
115249.789871,44.535099,state,track,"reticle, cursor_proportional_x",-0.077394
115249.906146,44.651402,state,track,"reticle, cursor_proportional_x",-0.078285
115250.00636,44.751595,state,track,"reticle, cursor_proportional_x",-0.079185
115250.122201,44.867701,state,track,"reticle, cursor_proportional_x",-0.080094
115250.222609,44.968006,state,track,"reticle, cursor_proportional_x",-0.081012
115250.322964,45.068278,state,track,"reticle, cursor_proportional_x",-0.081938
115250.440115,45.185346,state,track,"reticle, cursor_proportional_x",-0.082874
115250.554232,45.299834,state,track,"reticle, cursor_proportional_x",-0.083818
115250.656343,45.401532,state,track,"reticle, cursor_proportional_x",-0.084771
115250.772972,45.518265,state,track,"reticle, cursor_proportional_x",-0.085733
115250.873012,45.618311,state,track,"reticle, cursor_proportional_x",-0.086704
115250.989501,45.734834,state,track,"reticle, cursor_proportional_x",-0.087683
115251.090716,45.836042,state,track,"reticle, cursor_proportional_x",-0.088671
115251.206701,45.951812,state,track,"reticle, cursor_proportional_x",-0.089668
115251.322708,46.068045,state,track,"reticle, cursor_proportional_x",-0.090673
115251.438861,46.184287,state,track,"reticle, cursor_proportional_x",-0.091687
115251.540203,46.285315,state,track,"reticle, cursor_proportional_x",-0.09271
115251.656699,46.401959,state,track,"reticle, cursor_proportional_x",-0.093741
115251.772725,46.518029,state,track,"reticle, cursor_proportional_x",-0.094781
115251.872859,46.618155,state,track,"reticle, cursor_proportional_x",-0.095829
115251.972971,46.718166,state,track,"reticle, cursor_proportional_x",-0.096886
115252.073115,46.818175,state,track,"reticle, cursor_proportional_x",-0.097951
115252.189231,46.934533,state,track,"reticle, cursor_proportional_x",-0.099025
115252.289554,47.034894,state,track,"reticle, cursor_proportional_x",-0.100107
115252.406187,47.151403,state,track,"reticle, cursor_proportional_x",-0.101197
115252.506448,47.251428,state,track,"reticle, cursor_proportional_x",-0.102296
115252.622958,47.368236,state,track,"reticle, cursor_proportional_x",-0.103403
115252.739593,47.484914,state,track,"reticle, cursor_proportional_x",-0.104519
115252.856429,47.601636,state,track,"reticle, cursor_proportional_x",-0.105643
115252.97296,47.718107,state,track,"reticle, cursor_proportional_x",-0.106775
115253.089633,47.834899,state,track,"reticle, cursor_proportional_x",-0.107915
115253.205959,47.9512,state,track,"reticle, cursor_proportional_x",-0.109064
115253.306043,48.051259,state,track,"reticle, cursor_proportional_x",-0.11022
115253.406374,48.151562,state,track,"reticle, cursor_proportional_x",-0.111385
115253.522636,48.267939,state,track,"reticle, cursor_proportional_x",-0.112558
115253.623235,48.368544,state,track,"reticle, cursor_proportional_x",-0.113739
115253.739265,48.484584,state,track,"reticle, cursor_proportional_x",-0.114928
115253.839505,48.584819,state,track,"reticle, cursor_proportional_x",-0.116125
115253.943042,48.687899,state,track,"reticle, cursor_proportional_x",-0.117331
115254.055944,48.801219,state,track,"reticle, cursor_proportional_x",-0.118544
115254.15609,48.901333,state,track,"reticle, cursor_proportional_x",-0.119765
115254.256208,49.001388,state,track,"reticle, cursor_proportional_x",-0.120994
115254.356245,49.101475,state,track,"reticle, cursor_proportional_x",-0.12223
115254.472841,49.218138,state,track,"reticle, cursor_proportional_x",-0.123475
115254.589589,49.334789,state,track,"reticle, cursor_proportional_x",-0.124728
115254.705928,49.451205,state,track,"reticle, cursor_proportional_x",-0.125988
115254.806207,49.551427,state,track,"reticle, cursor_proportional_x",-0.127256
115254.906612,49.651883,state,track,"reticle, cursor_proportional_x",-0.128531
115255.022694,49.767981,state,track,"reticle, cursor_proportional_x",-0.129815
115255.138755,49.884122,state,track,"reticle, cursor_proportional_x",-0.131106
115255.239212,49.984472,state,track,"reticle, cursor_proportional_x",-0.132405
115255.339378,50.084707,state,track,"reticle, cursor_proportional_x",-0.133711
115255.455496,50.20083,state,track,"reticle, cursor_proportional_x",-0.135025
115255.556395,50.301627,state,track,"reticle, cursor_proportional_x",-0.136346
115255.672569,50.417823,state,track,"reticle, cursor_proportional_x",-0.138318
115255.772614,50.517915,state,track,"reticle, cursor_proportional_x",-0.143512
115255.888626,50.63403,state,track,"reticle, cursor_proportional_x",-0.148714
115255.989796,50.735056,state,track,"reticle, cursor_proportional_x",-0.159067
115256.105741,50.851001,state,track,"reticle, cursor_proportional_x",-0.160425
115256.206037,50.951259,state,track,"reticle, cursor_proportional_x",-0.161791
115256.306159,51.051419,state,track,"reticle, cursor_proportional_x",-0.163164
115256.422299,51.167631,state,track,"reticle, cursor_proportional_x",-0.164544
115256.537671,51.282963,state,track,"reticle, cursor_proportional_x",-0.165932
115256.637972,51.38328,state,track,"reticle, cursor_proportional_x",-0.167327
115256.753225,51.498798,state,track,"reticle, cursor_proportional_x",-0.168729
115256.855216,51.600562,state,track,"reticle, cursor_proportional_x",-0.170138
115256.969639,51.715141,state,track,"reticle, cursor_proportional_x",-0.172197
115257.072614,51.817738,state,track,"reticle, cursor_proportional_x",-0.17362
115257.188977,51.9343,state,track,"reticle, cursor_proportional_x",-0.17505
115257.289412,52.034736,state,track,"reticle, cursor_proportional_x",-0.176487
115257.392262,52.136891,state,track,"reticle, cursor_proportional_x",-0.177931
115257.505204,52.250542,state,track,"reticle, cursor_proportional_x",-0.179382
115257.619517,52.365084,state,track,"reticle, cursor_proportional_x",-0.18084
115257.721413,52.466897,state,track,"reticle, cursor_proportional_x",-0.182304
115257.836937,52.582322,state,track,"reticle, cursor_proportional_x",-0.183776
115257.938781,52.684071,state,track,"reticle, cursor_proportional_x",-0.185254
115258.039225,52.784558,state,track,"reticle, cursor_proportional_x",-0.186739
115258.155752,52.900998,state,track,"reticle, cursor_proportional_x",-0.18823
115258.272343,53.017446,state,track,"reticle, cursor_proportional_x",-0.189728
115258.387982,53.133412,state,track,"reticle, cursor_proportional_x",-0.191233
115258.503361,53.248872,state,track,"reticle, cursor_proportional_x",-0.192745
115258.605587,53.35082,state,track,"reticle, cursor_proportional_x",-0.194263
115258.706549,53.451544,state,track,"reticle, cursor_proportional_x",-0.195787
115258.822355,53.56767,state,track,"reticle, cursor_proportional_x",-0.197318
115258.938902,53.68424,state,track,"reticle, cursor_proportional_x",-0.198855
115259.055252,53.800857,state,track,"reticle, cursor_proportional_x",-0.200399
115259.155861,53.900862,state,track,"reticle, cursor_proportional_x",-0.201949
115259.255772,54.001045,state,track,"reticle, cursor_proportional_x",-0.203505
115259.372348,54.117619,state,track,"reticle, cursor_proportional_x",-0.205067
115259.472629,54.217814,state,track,"reticle, cursor_proportional_x",-0.206636
115259.575422,54.320242,state,track,"reticle, cursor_proportional_x",-0.21014
115259.6893,54.434619,state,track,"reticle, cursor_proportional_x",-0.211721
115259.80576,54.550941,state,track,"reticle, cursor_proportional_x",-0.213309
115259.922156,54.667463,state,track,"reticle, cursor_proportional_x",-0.214902
115260.038845,54.784171,state,track,"reticle, cursor_proportional_x",-0.216501
115260.138832,54.884178,state,track,"reticle, cursor_proportional_x",-0.218106
115260.238884,54.984207,state,track,"reticle, cursor_proportional_x",-0.219718
115260.355545,55.100812,state,track,"reticle, cursor_proportional_x",-0.221335
115260.461895,55.206734,state,track,"reticle, cursor_proportional_x",-0.222958
115260.571907,55.317245,state,track,"reticle, cursor_proportional_x",-0.224586
115260.672181,55.417442,state,track,"reticle, cursor_proportional_x",-0.226221
115260.772739,55.518029,state,track,"reticle, cursor_proportional_x",-0.227861
115260.889106,55.634387,state,track,"reticle, cursor_proportional_x",-0.229507
115261.005696,55.750874,state,track,"reticle, cursor_proportional_x",-0.231159
115261.121906,55.867245,state,track,"reticle, cursor_proportional_x",-0.232816
115261.22263,55.967576,state,track,"reticle, cursor_proportional_x",-0.234479
115261.339086,56.084417,state,track,"reticle, cursor_proportional_x",-0.337742
115261.45496,56.200315,state,track,"reticle, cursor_proportional_x",-0.361278
115261.555846,56.301118,state,track,"reticle, cursor_proportional_x",-0.362958
115261.656535,56.401605,state,track,"reticle, cursor_proportional_x",-0.364643
115261.772133,56.517366,state,track,"reticle, cursor_proportional_x",-0.366333
115261.8725,56.617649,state,track,"reticle, cursor_proportional_x",-0.368028
115261.98887,56.733952,state,track,"reticle, cursor_proportional_x",-0.369729
115262.089017,56.834361,state,track,"reticle, cursor_proportional_x",-0.371435
115262.189078,56.934413,state,track,"reticle, cursor_proportional_x",-0.373146
115262.305453,57.050705,state,track,"reticle, cursor_proportional_x",-0.374863
115262.405592,57.150858,state,track,"reticle, cursor_proportional_x",-0.376584
115262.521939,57.267231,state,track,"reticle, cursor_proportional_x",-0.423321
115262.62203,57.367335,state,track,"reticle, cursor_proportional_x",-0.470706
115262.72227,57.467586,state,track,"reticle, cursor_proportional_x",-0.5
115262.838895,57.584131,state,track,"reticle, cursor_proportional_x",-0.440013
115262.938998,57.684285,state,track,"reticle, cursor_proportional_x",-0.441759
115263.058152,57.803312,state,track,"reticle, cursor_proportional_x",-0.443511
115263.172194,57.91738,state,track,"reticle, cursor_proportional_x",-0.449768
115263.286115,58.031678,state,track,"reticle, cursor_proportional_x",-0.45603
115263.388783,58.133839,state,track,"reticle, cursor_proportional_x",-0.462296
115263.502963,58.248421,state,track,"reticle, cursor_proportional_x",-0.468567
115263.603954,58.349306,state,track,"reticle, cursor_proportional_x",-0.474843
115263.718997,58.46456,state,track,"reticle, cursor_proportional_x",-0.481124
115263.819304,58.564884,state,track,"reticle, cursor_proportional_x",-0.487409
115263.935946,58.681494,state,track,"reticle, cursor_proportional_x",-0.493698
115264.036297,58.781735,state,track,"reticle, cursor_proportional_x",-0.499992
115264.152868,58.898273,state,track,"reticle, cursor_proportional_x",-0.5
115264.25275,58.998306,state,track,"reticle, cursor_proportional_x",-0.5
115264.369367,59.114932,state,track,"reticle, cursor_proportional_x",-0.497305
115264.486149,59.231374,state,track,"reticle, cursor_proportional_x",-0.499115
115264.585832,59.331504,state,track,"reticle, cursor_proportional_x",-0.5
115264.702917,59.448398,state,track,"reticle, cursor_proportional_x",-0.5
115264.81952,59.564967,state,track,"reticle, cursor_proportional_x",-0.494107
115264.936456,59.681859,state,track,"reticle, cursor_proportional_x",-0.495934
115265.036818,59.782068,state,track,"reticle, cursor_proportional_x",-0.497765
115265.152519,59.898021,state,track,"reticle, cursor_proportional_x",-0.4996
115265.252734,59.998308,state,track,"reticle, cursor_proportional_x",-0.5
115265.369268,60.114728,state,track,"reticle, cursor_proportional_x",-0.5
115265.486106,60.231533,state,track,"reticle, cursor_proportional_x",-0.5
115265.7027,60.44818,state,track,"reticle, cursor_proportional_x",-0.5
115265.803112,60.548469,state,track,"reticle, cursor_proportional_x",-0.47228
115265.919276,60.664663,state,track,"reticle, cursor_proportional_x",-0.474141
115266.019074,60.76469,state,track,"reticle, cursor_proportional_x",-0.5
115266.23592,60.981509,state,track,"reticle, cursor_proportional_x",-0.239527
115266.336263,61.081748,state,track,"reticle, cursor_proportional_x",-0.241403
115266.438229,61.183606,state,track,"reticle, cursor_proportional_x",-0.371883
115266.538834,61.284131,state,track,"reticle, cursor_proportional_x",-0.5
115266.771762,61.517074,state,track,"reticle, cursor_proportional_x",-0.16174
115266.888884,61.633992,state,track,"reticle, cursor_proportional_x",-0.251081
115267.005294,61.750555,state,track,"reticle, cursor_proportional_x",-0.252977
115267.121653,61.866995,state,track,"reticle, cursor_proportional_x",-0.254876
115267.221922,61.967215,state,track,"reticle, cursor_proportional_x",-0.257422
115267.338438,62.083555,state,track,"reticle, cursor_proportional_x",-0.25997
115267.455172,62.200352,state,track,"reticle, cursor_proportional_x",-0.262521
115267.555269,62.300448,state,track,"reticle, cursor_proportional_x",-0.265075
115267.656589,62.401651,state,track,"reticle, cursor_proportional_x",-0.267632
115267.768663,62.514319,state,track,"reticle, cursor_proportional_x",-0.270192
115267.871774,62.617083,state,track,"reticle, cursor_proportional_x",-0.272755
115267.971909,62.717231,state,track,"reticle, cursor_proportional_x",-0.274678
115268.088069,62.833333,state,track,"reticle, cursor_proportional_x",-0.276603
115268.188408,62.9337,state,track,"reticle, cursor_proportional_x",-0.278531
115268.305245,63.050384,state,track,"reticle, cursor_proportional_x",-0.280462
115268.405345,63.150637,state,track,"reticle, cursor_proportional_x",-0.282395
115268.5214,63.266748,state,track,"reticle, cursor_proportional_x",-0.284331
115268.638019,63.383229,state,track,"reticle, cursor_proportional_x",-0.286269
115268.738073,63.483392,state,track,"reticle, cursor_proportional_x",-0.28821
115268.838207,63.5835,state,track,"reticle, cursor_proportional_x",-0.290153
115268.938438,63.683584,state,track,"reticle, cursor_proportional_x",-0.292098
115269.055395,63.800411,state,track,"reticle, cursor_proportional_x",-0.294046
115269.155833,63.901019,state,track,"reticle, cursor_proportional_x",-0.295996
115269.271729,64.017062,state,track,"reticle, cursor_proportional_x",-0.395685
115269.388293,64.133279,state,track,"reticle, cursor_proportional_x",-0.496019
115269.488125,64.233419,state,track,"reticle, cursor_proportional_x",-0.5
115269.588269,64.333601,state,track,"reticle, cursor_proportional_x",-0.467879
115269.705208,64.450483,state,track,"reticle, cursor_proportional_x",-0.46984
115269.821491,64.566704,state,track,"reticle, cursor_proportional_x",-0.5
115269.921532,64.666872,state,track,"reticle, cursor_proportional_x",-0.5
115270.038177,64.783511,state,track,"reticle, cursor_proportional_x",-0.453098
115270.138511,64.883747,state,track,"reticle, cursor_proportional_x",-0.455066
115270.254783,65.000072,state,track,"reticle, cursor_proportional_x",-0.5
115270.371862,65.117182,state,track,"reticle, cursor_proportional_x",-0.5
115270.490842,65.235869,state,track,"reticle, cursor_proportional_x",-0.345723
115270.604592,65.349843,state,track,"reticle, cursor_proportional_x",-0.347698
115270.704835,65.450017,state,track,"reticle, cursor_proportional_x",-0.5
115270.805101,65.550381,state,track,"reticle, cursor_proportional_x",-0.5
115270.921412,65.666739,state,track,"reticle, cursor_proportional_x",-0.314222
115271.021419,65.766761,state,track,"reticle, cursor_proportional_x",-0.415225
115271.122294,65.867582,state,track,"reticle, cursor_proportional_x",-0.5
115271.671476,66.416602,state,track,"reticle, cursor_proportional_x",-0.484627
115271.771449,66.516796,state,track,"reticle, cursor_proportional_x",-0.5
115271.988736,66.734004,state,track,"reticle, cursor_proportional_x",-0.492989
115272.10138,66.847115,state,track,"reticle, cursor_proportional_x",-0.5
115272.204632,66.949837,state,track,"reticle, cursor_proportional_x",-0.5
115272.305187,67.050464,state,track,"reticle, cursor_proportional_x",-0.5
115272.421304,67.166627,state,track,"reticle, cursor_proportional_x",-0.384968
115272.521599,67.266931,state,track,"reticle, cursor_proportional_x",-0.5
115272.754719,67.500005,state,track,"reticle, cursor_proportional_x",-0.33803
115272.854777,67.600041,state,track,"reticle, cursor_proportional_x",-0.5
115272.971702,67.716766,state,track,"reticle, cursor_proportional_x",-0.479492
115273.088038,67.833318,state,track,"reticle, cursor_proportional_x",-0.5
115273.188129,67.933392,state,track,"reticle, cursor_proportional_x",-0.476921
115273.288406,68.033699,state,track,"reticle, cursor_proportional_x",-0.5
115273.404535,68.149657,state,track,"reticle, cursor_proportional_x",-0.261516
115273.50485,68.250095,state,track,"reticle, cursor_proportional_x",-0.5
115273.62126,68.36649,state,track,"reticle, cursor_proportional_x",-0.420338
115273.721427,68.466776,state,track,"reticle, cursor_proportional_x",-0.5
115273.821551,68.566841,state,track,"reticle, cursor_proportional_x",-0.5
115273.938188,68.683445,state,track,"reticle, cursor_proportional_x",-0.5
115274.055299,68.800319,state,track,"reticle, cursor_proportional_x",-0.334819
115274.171372,68.916386,state,track,"reticle, cursor_proportional_x",-0.365111
115274.271768,69.01675,state,track,"reticle, cursor_proportional_x",-0.5
115274.387961,69.133294,state,track,"reticle, cursor_proportional_x",-0.5
115274.504939,69.25024,state,track,"reticle, cursor_proportional_x",-0.093692
115274.621218,69.36654,state,track,"reticle, cursor_proportional_x",-0.382471
115274.721237,69.466564,state,track,"reticle, cursor_proportional_x",-0.5
115275.271184,70.016513,state,track,"reticle, cursor_proportional_x",-0.054466
115275.387642,70.132986,state,track,"reticle, cursor_proportional_x",-0.348386
115275.487906,70.233216,state,track,"reticle, cursor_proportional_x",-0.5
115275.821197,70.566534,state,track,"reticle, cursor_proportional_x",-0.451196
115275.921779,70.666775,state,track,"reticle, cursor_proportional_x",-0.5
115276.037726,70.78305,state,track,"reticle, cursor_proportional_x",-0.46727
115276.154539,70.899806,state,track,"reticle, cursor_proportional_x",-0.497553
115276.270892,71.01621,state,track,"reticle, cursor_proportional_x",-0.5
115276.604648,71.349877,state,track,"reticle, cursor_proportional_x",-0.5
115276.721133,71.466463,state,track,"reticle, cursor_proportional_x",-0.312299
115276.821379,71.566659,state,track,"reticle, cursor_proportional_x",-0.342576
115276.937923,71.68326,state,track,"reticle, cursor_proportional_x",-0.372851
115277.054333,71.799586,state,track,"reticle, cursor_proportional_x",-0.403124
115277.170965,71.916267,state,track,"reticle, cursor_proportional_x",-0.433397
115277.271156,72.016487,state,track,"reticle, cursor_proportional_x",-0.463668
115277.387841,72.133027,state,track,"reticle, cursor_proportional_x",-0.493937
115277.504564,72.249784,state,track,"reticle, cursor_proportional_x",-0.5
115277.621188,72.366525,state,track,"reticle, cursor_proportional_x",-0.5
115277.737813,72.483124,state,track,"reticle, cursor_proportional_x",-0.5
115277.85427,72.599546,state,track,"reticle, cursor_proportional_x",-0.5
115277.970825,72.716119,state,track,"reticle, cursor_proportional_x",-0.5
115278.08778,72.83312,state,track,"reticle, cursor_proportional_x",-0.5
115278.654214,73.399492,state,track,"reticle, cursor_proportional_x",-0.492313
115278.754217,73.499516,state,track,"reticle, cursor_proportional_x",-0.5
115279.068535,73.813955,state,track,"reticle, cursor_proportional_x",-0.5
115279.187469,73.932743,state,track,"reticle, cursor_proportional_x",-0.419642
115279.287866,74.032827,state,track,"reticle, cursor_proportional_x",-0.5
115279.387594,74.132948,state,track,"reticle, cursor_proportional_x",-0.487153
115279.487876,74.233154,state,track,"reticle, cursor_proportional_x",-0.5
115279.604731,74.349964,state,track,"reticle, cursor_proportional_x",-0.5
115279.720909,74.466249,state,track,"reticle, cursor_proportional_x",-0.449209
115279.821122,74.566433,state,track,"reticle, cursor_proportional_x",-0.482648
115279.937245,74.682524,state,track,"reticle, cursor_proportional_x",-0.5
115280.037407,74.782741,state,track,"reticle, cursor_proportional_x",-0.5
115280.137593,74.882915,state,track,"reticle, cursor_proportional_x",-0.5
115280.254118,74.999401,state,track,"reticle, cursor_proportional_x",-0.5
115280.354323,75.099474,state,track,"reticle, cursor_proportional_x",-0.5
115280.454448,75.199671,state,track,"reticle, cursor_proportional_x",-0.5
115280.567633,75.313258,state,track,"reticle, cursor_proportional_x",-0.5
115280.670727,75.416047,state,track,"reticle, cursor_proportional_x",-0.5
115280.787372,75.532705,state,track,"reticle, cursor_proportional_x",-0.5
115280.887592,75.63292,state,track,"reticle, cursor_proportional_x",-0.5
115281.003998,75.74925,state,track,"reticle, cursor_proportional_x",-0.5
115281.105018,75.85019,state,track,"reticle, cursor_proportional_x",-0.5
115281.222366,75.967618,state,track,"reticle, cursor_proportional_x",-0.5
115281.337498,76.082628,state,track,"reticle, cursor_proportional_x",-0.5
115286.870473,81.615781,state,track,"reticle, cursor_proportional_x",-0.463092
115286.987067,81.732227,state,track,"reticle, cursor_proportional_x",-0.49305
115287.104482,81.849578,state,track,"reticle, cursor_proportional_x",-0.5
115287.216804,81.962599,state,track,"reticle, cursor_proportional_x",-0.5
115287.320418,82.065704,state,track,"reticle, cursor_proportional_x",-0.5
115287.420572,82.16571,state,track,"reticle, cursor_proportional_x",-0.5
115287.536956,82.282293,state,track,"reticle, cursor_proportional_x",-0.499066
115287.637029,82.382351,state,track,"reticle, cursor_proportional_x",-0.5
115287.753806,82.499096,state,track,"reticle, cursor_proportional_x",-0.5
115287.870175,82.615447,state,track,"reticle, cursor_proportional_x",-0.5
115287.986952,82.732259,state,track,"reticle, cursor_proportional_x",-0.5
115288.091309,82.836089,state,track,"reticle, cursor_proportional_x",-0.5
115288.203736,82.949046,state,track,"reticle, cursor_proportional_x",-0.425086
115288.320705,83.065664,state,track,"reticle, cursor_proportional_x",-0.5
115288.436759,83.182059,state,track,"reticle, cursor_proportional_x",-0.450794
115288.53702,83.282339,state,track,"reticle, cursor_proportional_x",-0.5
115288.653581,83.398881,state,track,"reticle, cursor_proportional_x",-0.443708
115288.770197,83.515548,state,track,"reticle, cursor_proportional_x",-0.473573
115288.886852,83.63217,state,track,"reticle, cursor_proportional_x",-0.5
115289.003403,83.748685,state,track,"reticle, cursor_proportional_x",-0.378746
115289.103688,83.848987,state,track,"reticle, cursor_proportional_x",-0.408593
115289.204255,83.949501,state,track,"reticle, cursor_proportional_x",-0.5
115289.420402,84.165658,state,track,"reticle, cursor_proportional_x",-0.122163
115289.520503,84.265773,state,track,"reticle, cursor_proportional_x",-0.151983
115289.636832,84.382139,state,track,"reticle, cursor_proportional_x",-0.181797
115289.73691,84.48218,state,track,"reticle, cursor_proportional_x",-0.404506
115289.853498,84.598777,state,track,"reticle, cursor_proportional_x",-0.43688
115289.953961,84.699045,state,track,"reticle, cursor_proportional_x",-0.466674
115290.06997,84.81521,state,track,"reticle, cursor_proportional_x",-0.496462
115290.17017,84.915516,state,track,"reticle, cursor_proportional_x",-0.5
115290.270332,85.015521,state,track,"reticle, cursor_proportional_x",-0.5
115290.371351,85.116441,state,track,"reticle, cursor_proportional_x",-0.5
115290.486807,85.232019,state,track,"reticle, cursor_proportional_x",-0.5
115290.603221,85.348534,state,track,"reticle, cursor_proportional_x",-0.5
115290.703573,85.448706,state,track,"reticle, cursor_proportional_x",-0.397932
115290.803517,85.548775,state,track,"reticle, cursor_proportional_x",-0.427672
115290.92005,85.665339,state,track,"reticle, cursor_proportional_x",-0.457406
115291.020558,85.7656,state,track,"reticle, cursor_proportional_x",-0.487133
115291.136608,85.881908,state,track,"reticle, cursor_proportional_x",-0.5
115291.237037,85.982359,state,track,"reticle, cursor_proportional_x",-0.5
115291.353437,86.098728,state,track,"reticle, cursor_proportional_x",-0.5
115291.453629,86.198906,state,track,"reticle, cursor_proportional_x",-0.5
115291.569801,86.314931,state,track,"reticle, cursor_proportional_x",-0.5
115292.003705,86.74889,state,track,"reticle, cursor_proportional_x",-0.5
115292.120038,86.865317,state,track,"reticle, cursor_proportional_x",-0.418416
115292.220083,86.965319,state,track,"reticle, cursor_proportional_x",-0.5
115292.337872,87.082638,state,track,"reticle, cursor_proportional_x",-0.5
115292.453842,87.199134,state,track,"reticle, cursor_proportional_x",-0.5
115292.567467,87.313022,state,track,"reticle, cursor_proportional_x",-0.302645
115292.672136,87.417205,state,track,"reticle, cursor_proportional_x",-0.332264
115292.786456,87.531767,state,track,"reticle, cursor_proportional_x",-0.361874
115292.886776,87.632108,state,track,"reticle, cursor_proportional_x",-0.391478
115293.003156,87.748423,state,track,"reticle, cursor_proportional_x",-0.421073
115293.103608,87.848863,state,track,"reticle, cursor_proportional_x",-0.450661
115293.22034,87.965276,state,track,"reticle, cursor_proportional_x",-0.480242
115293.320133,88.065299,state,track,"reticle, cursor_proportional_x",-0.5
115293.436488,88.1818,state,track,"reticle, cursor_proportional_x",-0.5
115293.53667,88.281911,state,track,"reticle, cursor_proportional_x",-0.5
115293.636794,88.381995,state,track,"reticle, cursor_proportional_x",-0.5
115293.753621,88.498757,state,track,"reticle, cursor_proportional_x",-0.5
115293.870241,88.615339,state,track,"reticle, cursor_proportional_x",-0.5
115293.98654,88.731852,state,track,"reticle, cursor_proportional_x",-0.5
115294.103178,88.848425,state,track,"reticle, cursor_proportional_x",-0.5
115294.219902,88.965254,state,track,"reticle, cursor_proportional_x",-0.5
115294.337353,89.0826,state,track,"reticle, cursor_proportional_x",-0.5
115294.453375,89.198534,state,track,"reticle, cursor_proportional_x",-0.5
115294.553775,89.298956,state,track,"reticle, cursor_proportional_x",-0.5
115294.670137,89.415457,state,track,"reticle, cursor_proportional_x",-0.5
115294.786324,89.531642,state,track,"reticle, cursor_proportional_x",-0.5
115294.886399,89.631714,state,track,"reticle, cursor_proportional_x",-0.5
115295.003256,89.748449,state,track,"reticle, cursor_proportional_x",-0.5
115295.103365,89.848599,state,track,"reticle, cursor_proportional_x",-0.5
115295.436745,90.181973,state,track,"reticle, cursor_proportional_x",-0.5
115295.553271,90.298504,state,track,"reticle, cursor_proportional_x",-0.5
115295.753408,90.49865,state,track,"reticle, cursor_proportional_x",-0.5
115295.856491,90.601316,state,track,"reticle, cursor_proportional_x",-0.4548
115295.969822,90.71511,state,track,"reticle, cursor_proportional_x",-0.484179
115296.070928,90.816231,state,track,"reticle, cursor_proportional_x",-0.5
115296.302686,91.048024,state,track,"reticle, cursor_proportional_x",-0.5
115296.402772,91.148084,state,track,"reticle, cursor_proportional_x",-0.5
115296.503065,91.248312,state,track,"reticle, cursor_proportional_x",-0.5
115296.603211,91.348474,state,track,"reticle, cursor_proportional_x",-0.48882
115296.703455,91.448604,state,track,"reticle, cursor_proportional_x",-0.5
115296.819644,91.564911,state,track,"reticle, cursor_proportional_x",-0.5
115296.936718,91.682029,state,track,"reticle, cursor_proportional_x",-0.5
115297.052894,91.798151,state,track,"reticle, cursor_proportional_x",-0.5
115297.153515,91.898779,state,track,"reticle, cursor_proportional_x",-0.5
115297.269612,92.014899,state,track,"reticle, cursor_proportional_x",-0.5
115297.369846,92.115137,state,track,"reticle, cursor_proportional_x",-0.5
115297.470007,92.215293,state,track,"reticle, cursor_proportional_x",-0.5
115297.586462,92.3316,state,track,"reticle, cursor_proportional_x",-0.5
115297.686674,92.431877,state,track,"reticle, cursor_proportional_x",-0.5
115297.803081,92.548229,state,track,"reticle, cursor_proportional_x",-0.5
115297.920248,92.665422,state,track,"reticle, cursor_proportional_x",-0.5
115298.036421,92.781511,state,track,"reticle, cursor_proportional_x",-0.5
115298.136614,92.881738,state,track,"reticle, cursor_proportional_x",-0.5
115298.253051,92.998317,state,track,"reticle, cursor_proportional_x",-0.5
115298.36952,93.11488,state,track,"reticle, cursor_proportional_x",-0.5
115298.486129,93.231422,state,track,"reticle, cursor_proportional_x",-0.5
115298.58618,93.331478,state,track,"reticle, cursor_proportional_x",-0.5
115298.686317,93.431635,state,track,"reticle, cursor_proportional_x",-0.5
115298.802896,93.54814,state,track,"reticle, cursor_proportional_x",-0.5
115298.903067,93.648306,state,track,"reticle, cursor_proportional_x",-0.5
115299.019728,93.764955,state,track,"reticle, cursor_proportional_x",-0.5
115299.119664,93.864966,state,track,"reticle, cursor_proportional_x",-0.5
115299.23635,93.981644,state,track,"reticle, cursor_proportional_x",-0.5
115299.336537,94.081721,state,track,"reticle, cursor_proportional_x",-0.5
115299.45322,94.198325,state,track,"reticle, cursor_proportional_x",-0.5
115299.568276,94.313952,state,track,"reticle, cursor_proportional_x",-0.5
115299.669612,94.414856,state,track,"reticle, cursor_proportional_x",-0.5
115299.769806,94.515033,state,track,"reticle, cursor_proportional_x",-0.5
115299.869905,94.615146,state,track,"reticle, cursor_proportional_x",-0.5
115299.969937,94.715233,state,track,"reticle, cursor_proportional_x",-0.5
115300.070065,94.815236,state,track,"reticle, cursor_proportional_x",-0.5
115300.186561,94.931833,state,track,"reticle, cursor_proportional_x",-0.5
115300.303046,95.048326,state,track,"reticle, cursor_proportional_x",-0.5
115300.403322,95.148605,state,track,"reticle, cursor_proportional_x",-0.5
115300.736413,95.481678,state,track,"reticle, cursor_proportional_x",-0.5
115300.836908,95.581883,state,track,"reticle, cursor_proportional_x",-0.5
115300.953468,95.698555,state,track,"reticle, cursor_proportional_x",-0.5
115301.069846,95.815474,state,track,"reticle, cursor_proportional_x",-0.451798
115301.186192,95.931513,state,track,"reticle, cursor_proportional_x",-0.480748
115301.286429,96.031746,state,track,"reticle, cursor_proportional_x",-0.5
115301.403589,96.14839,state,track,"reticle, cursor_proportional_x",-0.5
115301.520388,96.265528,state,track,"reticle, cursor_proportional_x",-0.5
115301.636425,96.38166,state,track,"reticle, cursor_proportional_x",-0.5
115301.953499,96.698776,state,track,"reticle, cursor_proportional_x",-0.484516
115302.069944,96.815207,state,track,"reticle, cursor_proportional_x",-0.5
115302.270302,97.015382,state,track,"reticle, cursor_proportional_x",-0.488988
115302.386223,97.131405,state,track,"reticle, cursor_proportional_x",-0.5
115302.4863,97.231618,state,track,"reticle, cursor_proportional_x",-0.5
115302.603104,97.348304,state,track,"reticle, cursor_proportional_x",-0.5
115302.703119,97.44832,state,track,"reticle, cursor_proportional_x",-0.5
115302.819812,97.565101,state,track,"reticle, cursor_proportional_x",-0.5
115302.933785,97.679326,state,track,"reticle, cursor_proportional_x",-0.5
115303.050275,97.795899,state,track,"reticle, cursor_proportional_x",-0.5
115303.150588,97.896083,state,track,"reticle, cursor_proportional_x",-0.5
115303.267266,98.012827,state,track,"reticle, cursor_proportional_x",-0.5
115303.383541,98.12911,state,track,"reticle, cursor_proportional_x",-0.5
115303.483783,98.229368,state,track,"reticle, cursor_proportional_x",-0.5
115303.600287,98.345766,state,track,"reticle, cursor_proportional_x",-0.5
115303.701128,98.446097,state,track,"reticle, cursor_proportional_x",-0.5
115303.817089,98.562514,state,track,"reticle, cursor_proportional_x",-0.5
115303.916987,98.662595,state,track,"reticle, cursor_proportional_x",-0.5
115304.017276,98.762609,state,track,"reticle, cursor_proportional_x",-0.5
115304.133675,98.879337,state,track,"reticle, cursor_proportional_x",-0.5
115304.250217,98.995748,state,track,"reticle, cursor_proportional_x",-0.5
115304.367103,99.112663,state,track,"reticle, cursor_proportional_x",-0.5
115304.467145,99.21269,state,track,"reticle, cursor_proportional_x",-0.5
115304.567221,99.312792,state,track,"reticle, cursor_proportional_x",-0.5
115304.683354,99.429035,state,track,"reticle, cursor_proportional_x",-0.5
115304.800497,99.546087,state,track,"reticle, cursor_proportional_x",-0.5
115304.917143,99.662776,state,track,"reticle, cursor_proportional_x",-0.5
115305.017273,99.762785,state,track,"reticle, cursor_proportional_x",-0.5
115305.133452,99.879025,state,track,"reticle, cursor_proportional_x",-0.5
115305.233488,99.97912,state,track,"reticle, cursor_proportional_x",-0.5
115305.333611,100.079196,state,track,"reticle, cursor_proportional_x",-0.5
115305.450685,100.196007,state,track,"reticle, cursor_proportional_x",-0.5
115305.56682,100.312528,state,track,"reticle, cursor_proportional_x",-0.5
115305.669576,100.414894,state,track,"reticle, cursor_proportional_x",-0.5
115305.769714,100.515009,state,track,"reticle, cursor_proportional_x",-0.5
115305.886225,100.631543,state,track,"reticle, cursor_proportional_x",-0.5
115306.002963,100.748236,state,track,"reticle, cursor_proportional_x",-0.5
115306.119249,100.864587,state,track,"reticle, cursor_proportional_x",-0.5
115306.219642,100.964913,state,track,"reticle, cursor_proportional_x",-0.5
115306.319712,101.064976,state,track,"reticle, cursor_proportional_x",-0.5
115306.43651,101.181613,state,track,"reticle, cursor_proportional_x",-0.5
115306.536354,101.281629,state,track,"reticle, cursor_proportional_x",-0.5
115306.653079,101.398272,state,track,"reticle, cursor_proportional_x",-0.5
115306.753311,101.498382,state,track,"reticle, cursor_proportional_x",-0.5
115306.853456,101.598521,state,track,"reticle, cursor_proportional_x",-0.5
115306.953722,101.698842,state,track,"reticle, cursor_proportional_x",-0.5
115307.070664,101.81579,state,track,"reticle, cursor_proportional_x",-0.5
115307.186126,101.93144,state,track,"reticle, cursor_proportional_x",-0.5
115307.286168,102.031467,state,track,"reticle, cursor_proportional_x",-0.5
115307.402994,102.148214,state,track,"reticle, cursor_proportional_x",-0.5
115307.503085,102.248332,state,track,"reticle, cursor_proportional_x",-0.5
115307.619723,102.365036,state,track,"reticle, cursor_proportional_x",-0.5
115307.73637,102.481479,state,track,"reticle, cursor_proportional_x",-0.5
115307.83643,102.581621,state,track,"reticle, cursor_proportional_x",-0.5
115307.952986,102.698195,state,track,"reticle, cursor_proportional_x",-0.5
115308.053007,102.798249,state,track,"reticle, cursor_proportional_x",-0.5
115308.153166,102.898274,state,track,"reticle, cursor_proportional_x",-0.5
115308.253081,102.998288,state,track,"reticle, cursor_proportional_x",-0.5
115308.369686,103.114981,state,track,"reticle, cursor_proportional_x",-0.5
115308.486114,103.23141,state,track,"reticle, cursor_proportional_x",-0.5
115308.602891,103.348151,state,track,"reticle, cursor_proportional_x",-0.5
115308.703292,103.448255,state,track,"reticle, cursor_proportional_x",-0.49998
115308.819675,103.564985,state,track,"reticle, cursor_proportional_x",-0.5
115308.936418,103.68165,state,track,"reticle, cursor_proportional_x",-0.49996
115309.05332,103.798181,state,track,"reticle, cursor_proportional_x",-0.5
115309.153195,103.898441,state,track,"reticle, cursor_proportional_x",-0.49994
115309.269522,104.014781,state,track,"reticle, cursor_proportional_x",-0.5
115309.386113,104.131518,state,track,"reticle, cursor_proportional_x",-0.49992
115309.503207,104.248276,state,track,"reticle, cursor_proportional_x",-0.5
115309.619947,104.365218,state,track,"reticle, cursor_proportional_x",-0.4999
115309.736433,104.481643,state,track,"reticle, cursor_proportional_x",-0.5
115309.85288,104.598016,state,track,"reticle, cursor_proportional_x",-0.49988
115309.953028,104.698177,state,track,"reticle, cursor_proportional_x",-0.5
115310.070905,104.816029,state,track,"reticle, cursor_proportional_x",-0.49986
115310.186771,104.932039,state,track,"reticle, cursor_proportional_x",-0.5
115310.302958,105.04826,state,track,"reticle, cursor_proportional_x",-0.49984
115310.416331,105.162013,state,track,"reticle, cursor_proportional_x",-0.5
115310.519464,105.264736,state,track,"reticle, cursor_proportional_x",-0.5
115310.619449,105.364779,state,track,"reticle, cursor_proportional_x",-0.5
115310.719496,105.464873,state,track,"reticle, cursor_proportional_x",-0.485654
115310.836163,105.581428,state,track,"reticle, cursor_proportional_x",-0.5
115310.95296,105.698264,state,track,"reticle, cursor_proportional_x",-0.49978
115311.053215,105.79848,state,track,"reticle, cursor_proportional_x",-0.5
115311.169505,105.914824,state,track,"reticle, cursor_proportional_x",-0.49976
115311.286317,106.031616,state,track,"reticle, cursor_proportional_x",-0.5
115311.402768,106.148158,state,track,"reticle, cursor_proportional_x",-0.5
115311.503631,106.248911,state,track,"reticle, cursor_proportional_x",-0.497802
115311.619569,106.364791,state,track,"reticle, cursor_proportional_x",-0.5
115311.736412,106.48151,state,track,"reticle, cursor_proportional_x",-0.5
115311.836402,106.581556,state,track,"reticle, cursor_proportional_x",-0.499701
115311.936373,106.681574,state,track,"reticle, cursor_proportional_x",-0.5
115312.036517,106.781602,state,track,"reticle, cursor_proportional_x",-0.499681
115312.15296,106.898188,state,track,"reticle, cursor_proportional_x",-0.5
