115205.42416,0.164419,input,track,joystick_y,0
115205.428866,0.174963,input,track,joystick_y,0
115206.308924,1.054768,input,track,joystick_y,0.5
115206.409574,1.155363,input,track,joystick_y,0.5
115206.525229,1.271119,input,track,joystick_y,0.5
115206.625373,1.371258,input,track,joystick_y,0.5
115206.74198,1.487877,input,track,joystick_y,0.5
115206.858797,1.604607,input,track,joystick_y,0.5
115206.958769,1.704608,input,track,joystick_y,0.5
115207.075405,1.821293,input,track,joystick_y,0.5
115207.192124,1.937987,input,track,joystick_y,0.5
115207.308717,2.054558,input,track,joystick_y,0.5
115207.408819,2.154707,input,track,joystick_y,0.5
115207.525479,2.271369,input,track,joystick_y,0.5
115207.625541,2.37142,input,track,joystick_y,0.5
115207.742568,2.488478,input,track,joystick_y,0.0
115207.859206,2.604995,input,track,joystick_y,-1.0
115207.975146,2.721067,input,track,joystick_y,-1.5
115208.089405,2.835458,input,track,joystick_y,-1.5
115208.189723,2.935777,input,track,joystick_y,-1.5
115208.305867,3.051885,input,track,joystick_y,-1.5
115208.406354,3.152222,input,track,joystick_y,-1.5
115208.508737,3.254498,input,track,joystick_y,-1.5
115208.622821,3.368832,input,track,joystick_y,-1.5
115208.73941,3.485339,input,track,joystick_y,-1.5
115208.856204,3.602075,input,track,joystick_y,-1.5
115208.956765,3.702546,input,track,joystick_y,-1.5
115209.072434,3.81849,input,track,joystick_y,-1.5
115209.172736,3.918653,input,track,joystick_y,-1.5
115209.289154,4.035095,input,track,joystick_y,-1.5
115209.389352,4.135379,input,track,joystick_y,-1.5
115209.489493,4.235443,input,track,joystick_y,-1.5
115209.605988,4.352038,input,track,joystick_y,-1.5
115209.72298,4.468874,input,track,joystick_y,-1.5
115209.839289,4.585235,input,track,joystick_y,-1.5
115209.939395,4.685444,input,track,joystick_y,-1.5
115210.056147,4.802041,input,track,joystick_y,-1.5
115210.156214,4.902068,input,track,joystick_y,-1.5
115210.256514,5.002381,input,track,joystick_y,-1.5
115210.372545,5.11843,input,track,joystick_y,-1.5
115210.472696,5.218531,input,track,joystick_y,-1.5
115210.573037,5.318944,input,track,joystick_y,-1.5
115210.689028,5.435014,input,track,joystick_y,-1.5
115210.789627,5.535608,input,track,joystick_y,-1.5
115210.891889,5.637737,input,track,joystick_y,-1.5
115211.008591,5.7544,input,track,joystick_y,-1.5
115211.125223,5.871081,input,track,joystick_y,-1.5
115211.225357,5.97124,input,track,joystick_y,-1.5
115211.341647,6.087541,input,track,joystick_y,-1.5
115211.458444,6.204313,input,track,joystick_y,-1.5
115211.558447,6.304334,input,track,joystick_y,-1.5
115211.658507,6.404372,input,track,joystick_y,-1.5
115211.77496,6.520846,input,track,joystick_y,-1.5
115211.875123,6.621006,input,track,joystick_y,-1.5
115211.975444,6.721465,input,track,joystick_y,-1.5
115212.091675,6.837592,input,track,joystick_y,-1.5
115212.208408,6.954251,input,track,joystick_y,-1.5
115212.325259,7.071137,input,track,joystick_y,-1.5
115212.441464,7.187371,input,track,joystick_y,-1.5
115212.558586,7.304433,input,track,joystick_y,-1.5
115212.675038,7.420922,input,track,joystick_y,-1.5
115212.791517,7.537422,input,track,joystick_y,-1.5
115212.891588,7.637479,input,track,joystick_y,-1.5
115213.00862,7.754404,input,track,joystick_y,-1.5
115213.125158,7.870989,input,track,joystick_y,-1.5
115213.241639,7.987543,input,track,joystick_y,-1.5
115213.341701,8.087611,input,track,joystick_y,-1.5
115213.444839,8.190563,input,track,joystick_y,-1.5
115213.558164,8.303992,input,track,joystick_y,-1.5
115213.658151,8.40401,input,track,joystick_y,-1.5
115213.758222,8.504076,input,track,joystick_y,-1.5
115213.858361,8.604177,input,track,joystick_y,-1.5
115213.958357,8.704213,input,track,joystick_y,-1.5
115214.074963,8.820842,input,track,joystick_y,-1.5
115214.174991,8.920885,input,track,joystick_y,-1.5
115214.291552,9.037438,input,track,joystick_y,-1.5
115214.391597,9.137498,input,track,joystick_y,-1.5
115214.508112,9.253914,input,track,joystick_y,-1.5
115214.60826,9.354057,input,track,joystick_y,-1.5
115214.724799,9.470668,input,track,joystick_y,-1.5
115214.825248,9.571019,input,track,joystick_y,-1.5
115214.941542,9.687451,input,track,joystick_y,-1.5
115215.05813,9.803987,input,track,joystick_y,-1.5
115215.158194,9.904052,input,track,joystick_y,-1.5
115215.274914,10.020769,input,track,joystick_y,-1.5
115215.391587,10.137488,input,track,joystick_y,-0.75
115215.508056,10.253834,input,track,joystick_y,-0.75
115215.608043,10.353855,input,track,joystick_y,-0.75
115215.724768,10.470682,input,track,joystick_y,-0.75
115215.824938,10.570787,input,track,joystick_y,-0.75
115215.925236,10.67112,input,track,joystick_y,-0.75
115216.03896,10.784999,input,track,joystick_y,-0.75
115216.141366,10.887263,input,track,joystick_y,-0.75
115216.241449,10.987322,input,track,joystick_y,-0.75
115216.358014,11.103875,input,track,joystick_y,-0.75
115216.458027,11.203902,input,track,joystick_y,-0.75
115216.558101,11.303949,input,track,joystick_y,-0.75
115216.674659,11.420559,input,track,joystick_y,-0.75
115216.774687,11.520572,input,track,joystick_y,-0.75
115216.874826,11.620736,input,track,joystick_y,-0.75
115216.977926,11.723528,input,track,joystick_y,-0.75
115217.091021,11.836942,input,track,joystick_y,-0.75
115217.191443,11.937302,input,track,joystick_y,-0.75
115217.308125,12.053969,input,track,joystick_y,-0.75
115217.425063,12.170946,input,track,joystick_y,-0.75
115217.541517,12.287342,input,track,joystick_y,-0.75
115217.657853,12.403667,input,track,joystick_y,-0.75
115217.757909,12.503732,input,track,joystick_y,-0.75
115217.858046,12.603866,input,track,joystick_y,-0.75
115217.974702,12.720543,input,track,joystick_y,-0.75
115218.091379,12.837271,input,track,joystick_y,-0.75
115218.194104,12.939809,input,track,joystick_y,-0.75
115218.30821,13.054047,input,track,joystick_y,-0.75
115218.424553,13.170466,input,track,joystick_y,-0.75
115218.524728,13.270603,input,track,joystick_y,-0.75
115218.640516,13.386433,input,track,joystick_y,-0.75
115218.741291,13.487138,input,track,joystick_y,-0.75
115218.841408,13.587258,input,track,joystick_y,-0.75
115218.957302,13.703206,input,track,joystick_y,-0.75
115219.057849,13.803707,input,track,joystick_y,-0.75
115219.157855,13.903714,input,track,joystick_y,-0.75
115219.258402,14.004196,input,track,joystick_y,-0.75
115219.374449,14.120302,input,track,joystick_y,-0.75
115219.491208,14.237118,input,track,joystick_y,-0.75
115219.608238,14.353928,input,track,joystick_y,-0.75
115219.724303,14.47019,input,track,joystick_y,-0.75
115219.824693,14.570563,input,track,joystick_y,-0.75
115219.94085,14.68677,input,track,joystick_y,-0.75
115220.057967,14.803836,input,track,joystick_y,-0.75
115220.174542,14.920384,input,track,joystick_y,-0.75
115220.274583,15.020479,input,track,joystick_y,-0.75
115220.391099,15.136998,input,track,joystick_y,-0.75
115220.507605,15.253432,input,track,joystick_y,-0.75
115220.607909,15.353769,input,track,joystick_y,-0.75
115220.723478,15.469464,input,track,joystick_y,-0.75
115220.824094,15.569902,input,track,joystick_y,-0.75
115220.924373,15.670248,input,track,joystick_y,-0.75
115221.041634,15.787492,input,track,joystick_y,-0.75
115221.157681,15.903533,input,track,joystick_y,-0.75
115221.274479,16.02034,input,track,joystick_y,-0.75
115221.390903,16.136806,input,track,joystick_y,-0.75
115221.491059,16.236914,input,track,joystick_y,-0.75
115221.607648,16.353507,input,track,joystick_y,-0.75
115221.724534,16.470413,input,track,joystick_y,-0.75
115221.840874,16.586786,input,track,joystick_y,-0.75
115221.941109,16.687007,input,track,joystick_y,-0.75
115222.041688,16.787549,input,track,joystick_y,-0.75
115222.157562,16.903428,input,track,joystick_y,-0.75
115222.274379,17.020269,input,track,joystick_y,-0.75
115222.390476,17.136441,input,track,joystick_y,-0.75
115222.491066,17.236968,input,track,joystick_y,-0.75
115222.607651,17.353525,input,track,joystick_y,-0.75
115222.722097,17.467987,input,track,joystick_y,-0.75
115222.824596,17.570331,input,track,joystick_y,-0.75
115222.941125,17.68683,input,track,joystick_y,-0.75
115223.057481,17.803391,input,track,joystick_y,-0.75
115223.174235,17.920141,input,track,joystick_y,1.5
115223.290994,18.036885,input,track,joystick_y,1.5
115223.407739,18.153601,input,track,joystick_y,1.5
115223.527881,18.273623,input,track,joystick_y,1.5
115223.640735,18.386634,input,track,joystick_y,1.75
115223.740927,18.486759,input,track,joystick_y,2.0
115223.840882,18.586761,input,track,joystick_y,2.0
115223.957523,18.703344,input,track,joystick_y,2.0
115224.057777,18.803605,input,track,joystick_y,2.0
115224.174175,18.920067,input,track,joystick_y,2.0
115224.290701,19.03661,input,track,joystick_y,2.0
115224.390754,19.136667,input,track,joystick_y,2.0
115224.490928,19.236828,input,track,joystick_y,2.0
115224.607617,19.353479,input,track,joystick_y,2.0
115224.721684,19.467644,input,track,joystick_y,2.0
115224.824442,19.57029,input,track,joystick_y,2.0
115224.940891,19.686776,input,track,joystick_y,0.75
115225.041373,19.787227,input,track,joystick_y,0.75
115225.157231,19.903102,input,track,joystick_y,0.75
115225.25757,20.003471,input,track,joystick_y,0.75
115225.374091,20.119983,input,track,joystick_y,0.75
115225.490613,20.236528,input,track,joystick_y,0.75
115225.607306,20.353167,input,track,joystick_y,-0.25
115225.724102,20.469966,input,track,joystick_y,-0.5
115225.824328,20.570136,input,track,joystick_y,-0.75
115225.940863,20.686704,input,track,joystick_y,-0.75
115226.042922,20.788748,input,track,joystick_y,-0.75
115226.157389,20.90325,input,track,joystick_y,-0.75
115226.257578,21.003381,input,track,joystick_y,-0.75
115226.374343,21.120193,input,track,joystick_y,-0.75
115226.49046,21.236335,input,track,joystick_y,-0.75
115226.590733,21.336606,input,track,joystick_y,-0.75
115226.707304,21.453138,input,track,joystick_y,-0.75
115226.823893,21.569766,input,track,joystick_y,-0.75
115226.92413,21.669932,input,track,joystick_y,-0.75
115227.024206,21.77007,input,track,joystick_y,-0.75
115227.140879,21.886777,input,track,joystick_y,-0.75
115227.257298,22.003172,input,track,joystick_y,-0.75
115227.373786,22.119703,input,track,joystick_y,-0.75
115227.49056,22.236472,input,track,joystick_y,-0.75
115227.590603,22.336488,input,track,joystick_y,-0.75
115227.690654,22.436543,input,track,joystick_y,-0.75
115227.790806,22.536716,input,track,joystick_y,-0.75
115227.892094,22.637794,input,track,joystick_y,-0.75
115228.006663,22.752548,input,track,joystick_y,-0.75
115228.107194,22.853053,input,track,joystick_y,-0.75
115228.223881,22.969791,input,track,joystick_y,-0.75
115228.323911,23.069818,input,track,joystick_y,-0.75
115228.440599,23.186519,input,track,joystick_y,-0.75
115228.54135,23.28726,input,track,joystick_y,1.25
115228.65741,23.403261,input,track,joystick_y,1.25
115228.77394,23.519839,input,track,joystick_y,1.25
115228.89063,23.636519,input,track,joystick_y,1.25
115229.00714,23.753012,input,track,joystick_y,1.25
115229.123647,23.869564,input,track,joystick_y,1.25
115229.224088,23.969965,input,track,joystick_y,1.25
115229.340713,24.086547,input,track,joystick_y,1.25
115229.457246,24.203111,input,track,joystick_y,1.25
115229.573621,24.319485,input,track,joystick_y,1.25
115229.673747,24.419647,input,track,joystick_y,0.75
115229.790417,24.536323,input,track,joystick_y,0.25
115229.890579,24.636425,input,track,joystick_y,-0.5
115230.007299,24.753148,input,track,joystick_y,-1.5
115230.107893,24.853715,input,track,joystick_y,-1.5
115230.223814,24.969683,input,track,joystick_y,-1.5
115230.323929,25.069771,input,track,joystick_y,-1.5
115230.440329,25.18614,input,track,joystick_y,-1.5
115230.540522,25.286262,input,track,joystick_y,-1.5
115230.656935,25.402823,input,track,joystick_y,-1.5
115230.757335,25.503152,input,track,joystick_y,-1.5
115230.873565,25.619479,input,track,joystick_y,-1.5
115230.973582,25.71949,input,track,joystick_y,-1.5
115231.073596,25.819493,input,track,joystick_y,-1.5
115231.190298,25.936188,input,track,joystick_y,-1.5
115231.290391,26.036275,input,track,joystick_y,-1.5
115231.407312,26.153177,input,track,joystick_y,-1.5
115231.507372,26.253213,input,track,joystick_y,-1.5
115231.623842,26.369686,input,track,joystick_y,-1.5
115231.740507,26.486345,input,track,joystick_y,-1.5
115231.84116,26.587021,input,track,joystick_y,-1.5
115231.957132,26.702943,input,track,joystick_y,-1.5
115232.073671,26.819517,input,track,joystick_y,-1.5
115232.190297,26.936146,input,track,joystick_y,-0.75
115232.290299,27.036155,input,track,joystick_y,-0.75
115232.390383,27.136245,input,track,joystick_y,-0.75
115232.490838,27.236688,input,track,joystick_y,-0.75
115232.606891,27.35274,input,track,joystick_y,-0.75
115232.707009,27.452856,input,track,joystick_y,-0.75
115232.823642,27.569528,input,track,joystick_y,-0.75
115232.923673,27.669568,input,track,joystick_y,-0.75
115233.024137,27.769901,input,track,joystick_y,-0.75
115233.141028,27.886871,input,track,joystick_y,-0.75
115233.256825,28.00266,input,track,joystick_y,-0.75
115233.357127,28.10298,input,track,joystick_y,-0.75
115233.473582,28.219487,input,track,joystick_y,-0.75
115233.590199,28.336061,input,track,joystick_y,-0.75
115233.707244,28.453135,input,track,joystick_y,-0.75
115233.823496,28.569388,input,track,joystick_y,-0.5
115233.923526,28.66942,input,track,joystick_y,-0.5
115234.040508,28.786248,input,track,joystick_y,-0.5
115234.140584,28.886401,input,track,joystick_y,-0.5
115234.256924,29.00275,input,track,joystick_y,-0.5
115234.373568,29.119426,input,track,joystick_y,-0.5
115234.49012,29.236009,input,track,joystick_y,-0.5
115234.606925,29.352788,input,track,joystick_y,-0.5
115234.723498,29.469394,input,track,joystick_y,-0.5
115234.8401,29.585975,input,track,joystick_y,-0.5
115234.956922,29.702773,input,track,joystick_y,-0.5
115235.073724,29.81953,input,track,joystick_y,-0.5
115235.190015,29.93592,input,track,joystick_y,-0.5
115235.306521,30.052383,input,track,joystick_y,-0.5
115235.406728,30.152599,input,track,joystick_y,-0.5
115235.523509,30.269335,input,track,joystick_y,-0.5
115235.62362,30.36949,input,track,joystick_y,-0.5
115235.740172,30.485969,input,track,joystick_y,-0.5
115235.856974,30.602834,input,track,joystick_y,-0.5
115235.973256,30.719166,input,track,joystick_y,-0.5
115236.073587,30.819443,input,track,joystick_y,-0.5
115236.189907,30.935787,input,track,joystick_y,-0.5
115236.306592,31.052455,input,track,joystick_y,-0.5
115236.423446,31.169349,input,track,joystick_y,-0.5
115236.54008,31.285942,input,track,joystick_y,-0.5
115236.640094,31.385948,input,track,joystick_y,-0.5
115236.756921,31.502733,input,track,joystick_y,-0.5
115236.873355,31.619265,input,track,joystick_y,-0.5
115236.989887,31.735782,input,track,joystick_y,-0.5
115237.089893,31.835782,input,track,joystick_y,-0.5
115237.20681,31.952648,input,track,joystick_y,-0.5
115237.323331,32.069186,input,track,joystick_y,-0.5
115237.439902,32.185805,input,track,joystick_y,-0.5
115237.540161,32.285964,input,track,joystick_y,-0.5
115237.640169,32.386025,input,track,joystick_y,-0.5
115237.756496,32.502367,input,track,joystick_y,-0.5
115237.872941,32.618839,input,track,joystick_y,-0.5
115237.973297,32.719164,input,track,joystick_y,-0.5
115238.089652,32.835485,input,track,joystick_y,-0.5
115238.189873,32.935676,input,track,joystick_y,-0.5
115238.306544,33.052418,input,track,joystick_y,0.5
115238.40658,33.15243,input,track,joystick_y,0.5
115238.50663,33.252471,input,track,joystick_y,2.0
115238.623154,33.369062,input,track,joystick_y,2.25
115238.739996,33.485887,input,track,joystick_y,2.25
115238.854116,33.600008,input,track,joystick_y,2.25
115238.956561,33.702422,input,track,joystick_y,2.25
115239.072358,33.818346,input,track,joystick_y,2.25
115239.173441,33.91928,input,track,joystick_y,1.75
115239.289796,34.035662,input,track,joystick_y,1.25
115239.406418,34.152258,input,track,joystick_y,1.25
115239.523279,34.26916,input,track,joystick_y,1.25
115239.639926,34.385799,input,track,joystick_y,1.25
115239.75675,34.502557,input,track,joystick_y,1.25
115239.873117,34.618917,input,track,joystick_y,1.25
115239.973197,34.719075,input,track,joystick_y,1.25
115240.089568,34.835446,input,track,joystick_y,1.25
115240.20642,34.952107,input,track,joystick_y,1.25
115240.306336,35.052143,input,track,joystick_y,1.25
115240.42306,35.168934,input,track,joystick_y,1.25
115240.523082,35.268969,input,track,joystick_y,1.25
115240.639869,35.385722,input,track,joystick_y,1.25
115240.756556,35.502403,input,track,joystick_y,1.25
115240.869924,35.616017,input,track,joystick_y,1.25
115240.973052,35.718958,input,track,joystick_y,1.25
115241.089776,35.835593,input,track,joystick_y,1.25
115241.206473,35.952345,input,track,joystick_y,1.25
115241.322771,36.06866,input,track,joystick_y,1.25
115241.423085,36.168926,input,track,joystick_y,1.25
115241.523017,36.268927,input,track,joystick_y,1.25
115241.63967,36.385568,input,track,joystick_y,1.25
115241.756552,36.502404,input,track,joystick_y,1.25
115241.869799,36.615897,input,track,joystick_y,1.25
115241.973065,36.718971,input,track,joystick_y,1.25
115242.089509,36.835381,input,track,joystick_y,1.25
115242.189618,36.935493,input,track,joystick_y,1.25
115242.289619,37.035495,input,track,joystick_y,1.25
115242.406276,37.152144,input,track,joystick_y,1.25
115242.523132,37.269,input,track,joystick_y,1.25
115242.639471,37.385354,input,track,joystick_y,1.25
115242.739623,37.485536,input,track,joystick_y,1.25
115242.839653,37.585549,input,track,joystick_y,1.25
115242.957431,37.703274,input,track,joystick_y,1.25
115243.072903,37.818789,input,track,joystick_y,1.25
115243.173291,37.918913,input,track,joystick_y,0.5
115243.286749,38.032809,input,track,joystick_y,0.5
115243.403531,38.149459,input,track,joystick_y,0.5
115243.503735,38.249592,input,track,joystick_y,0.5
115243.603776,38.349651,input,track,joystick_y,0.5
115243.720177,38.466235,input,track,joystick_y,0.5
115243.836923,38.582963,input,track,joystick_y,0.5
115243.93857,38.684402,input,track,joystick_y,0.5
115244.055237,38.800977,input,track,joystick_y,0.5
115244.15528,38.901096,input,track,joystick_y,0.5
115244.255247,39.001096,input,track,joystick_y,0.5
115244.371863,39.117728,input,track,joystick_y,0.5
115244.488434,39.234292,input,track,joystick_y,0.5
115244.58845,39.33435,input,track,joystick_y,0.5
115244.688485,39.43437,input,track,joystick_y,0.5
115244.805485,39.55126,input,track,joystick_y,0.5
115244.921941,39.66778,input,track,joystick_y,0.5
115245.022014,39.767802,input,track,joystick_y,0.5
115245.136832,39.882835,input,track,joystick_y,0.5
115245.236959,39.982992,input,track,joystick_y,0.5
115245.353549,40.099579,input,track,joystick_y,0.5
115245.45578,40.201474,input,track,joystick_y,0.5
115245.571896,40.317754,input,track,joystick_y,0.5
115245.68682,40.432719,input,track,joystick_y,0.5
115245.787012,40.532839,input,track,joystick_y,0.5
115245.887372,40.633221,input,track,joystick_y,0.5
115246.003583,40.749407,input,track,joystick_y,0.5
115246.106034,40.851823,input,track,joystick_y,0.5
115246.22244,40.968284,input,track,joystick_y,0.5
115246.322489,41.068335,input,track,joystick_y,0.5
115246.422623,41.168513,input,track,joystick_y,0.5
115246.539413,41.28527,input,track,joystick_y,0.5
115246.655559,41.401463,input,track,joystick_y,0.5
115246.756096,41.501939,input,track,joystick_y,0.5
115246.87297,41.618841,input,track,joystick_y,0.5
115246.98916,41.735053,input,track,joystick_y,0.5
115247.089174,41.835075,input,track,joystick_y,0.5
115247.189429,41.935317,input,track,joystick_y,0.5
115247.305705,42.051572,input,track,joystick_y,0.5
115247.405746,42.151628,input,track,joystick_y,0.5
115247.505865,42.251723,input,track,joystick_y,0.5
115247.606255,42.351907,input,track,joystick_y,0.5
115247.722095,42.468081,input,track,joystick_y,0.5
115247.822402,42.56829,input,track,joystick_y,0.5
115247.939288,42.685182,input,track,joystick_y,0.5
115248.056364,42.802151,input,track,joystick_y,0.5
115248.172697,42.918582,input,track,joystick_y,0.5
115248.289252,43.035152,input,track,joystick_y,0.5
115248.405716,43.151583,input,track,joystick_y,0.5
115248.505886,43.251771,input,track,joystick_y,0.5
115248.622391,43.368296,input,track,joystick_y,0.0
115248.722406,43.468308,input,track,joystick_y,-0.25
115248.823169,43.569067,input,track,joystick_y,-0.25
115248.937175,43.68309,input,track,joystick_y,-0.25
115249.03898,43.784879,input,track,joystick_y,-0.25
115249.139116,43.884999,input,track,joystick_y,-0.25
115249.239281,43.98517,input,track,joystick_y,-0.25
115249.355264,44.10117,input,track,joystick_y,-0.25
115249.455342,44.201174,input,track,joystick_y,-0.25
115249.572321,44.318215,input,track,joystick_y,-0.25
115249.672564,44.418408,input,track,joystick_y,-0.25
115249.78927,44.535099,input,track,joystick_y,-0.25
115249.905524,44.651402,input,track,joystick_y,-0.25
115250.005735,44.751595,input,track,joystick_y,-0.25
115250.121711,44.867701,input,track,joystick_y,0.0
115250.222058,44.968006,input,track,joystick_y,0.0
115250.32238,45.068278,input,track,joystick_y,0.0
115250.439481,45.185346,input,track,joystick_y,1.0
115250.553851,45.299834,input,track,joystick_y,1.0
115250.655668,45.401532,input,track,joystick_y,1.0
115250.772385,45.518265,input,track,joystick_y,1.0
115250.872431,45.618311,input,track,joystick_y,1.0
115250.988923,45.734834,input,track,joystick_y,0.5
115251.090142,45.836042,input,track,joystick_y,0.5
115251.205945,45.951812,input,track,joystick_y,0.5
115251.322133,46.068045,input,track,joystick_y,0.25
115251.438314,46.184287,input,track,joystick_y,0.25
115251.539493,46.285315,input,track,joystick_y,0.25
115251.656107,46.401959,input,track,joystick_y,1.0
115251.772156,46.518029,input,track,joystick_y,1.0
115251.872291,46.618155,input,track,joystick_y,1.0
115251.972361,46.718166,input,track,joystick_y,1.0
115252.072357,46.818175,input,track,joystick_y,1.0
115252.188638,46.934533,input,track,joystick_y,1.0
115252.288976,47.034894,input,track,joystick_y,0.5
115252.405562,47.151403,input,track,joystick_y,0.5
115252.505571,47.251428,input,track,joystick_y,0.5
115252.622372,47.368236,input,track,joystick_y,0.5
115252.739004,47.484914,input,track,joystick_y,0.5
115252.855778,47.601636,input,track,joystick_y,1.5
115252.972242,47.718107,input,track,joystick_y,2.0
115253.088986,47.834899,input,track,joystick_y,3.5
115253.205344,47.9512,input,track,joystick_y,3.5
115253.305436,48.051259,input,track,joystick_y,3.5
115253.405678,48.151562,input,track,joystick_y,3.5
115253.522051,48.267939,input,track,joystick_y,3.5
115253.622639,48.368544,input,track,joystick_y,3.5
115253.738692,48.484584,input,track,joystick_y,1.5
115253.838928,48.584819,input,track,joystick_y,1.25
115253.942087,48.687899,input,track,joystick_y,1.0
115254.055361,48.801219,input,track,joystick_y,-0.5
115254.15546,48.901333,input,track,joystick_y,-1.75
115254.255537,49.001388,input,track,joystick_y,-2.5
115254.355604,49.101475,input,track,joystick_y,-2.75
115254.472255,49.218138,input,track,joystick_y,-2.25
115254.588944,49.334789,input,track,joystick_y,-2.0
115254.705324,49.451205,input,track,joystick_y,-2.25
115254.805581,49.551427,input,track,joystick_y,-2.75
115254.906019,49.651883,input,track,joystick_y,-4.0
115255.022112,49.767981,input,track,joystick_y,-4.25
115255.138199,49.884122,input,track,joystick_y,-4.25
115255.238618,49.984472,input,track,joystick_y,-4.25
115255.338791,50.084707,input,track,joystick_y,-3.5
115255.454944,50.20083,input,track,joystick_y,3.25
115255.555742,50.301627,input,track,joystick_y,5.25
115255.671943,50.417823,input,track,joystick_y,-2.25
115255.772028,50.517915,input,track,joystick_y,-4.0
115255.888075,50.63403,input,track,joystick_y,-4.0
115255.98919,50.735056,input,track,joystick_y,-2.5
115256.105128,50.851001,input,track,joystick_y,0.25
115256.205439,50.951259,input,track,joystick_y,4.0
115256.305578,51.051419,input,track,joystick_y,5.25
115256.42171,51.167631,input,track,joystick_y,12.5
115256.537106,51.282963,input,track,joystick_y,13.25
115256.637395,51.38328,input,track,joystick_y,13.5
115256.752843,51.498798,input,track,joystick_y,13.0
115256.854654,51.600562,input,track,joystick_y,8.5
115256.969238,51.715141,input,track,joystick_y,5.25
115257.071848,51.817738,input,track,joystick_y,33.75
115257.188396,51.9343,input,track,joystick_y,37.0
115257.288821,52.034736,input,track,joystick_y,37.0
115257.391361,52.136891,input,track,joystick_y,39.25
115257.504647,52.250542,input,track,joystick_y,37.0
115257.619152,52.365084,input,track,joystick_y,12.5
115257.720936,52.466897,input,track,joystick_y,5.75
115257.836359,52.582322,input,track,joystick_y,-9.5
115257.938177,52.684071,input,track,joystick_y,-10.25
115258.038641,52.784558,input,track,joystick_y,-10.75
115258.155149,52.900998,input,track,joystick_y,-20.0
115258.271703,53.017446,input,track,joystick_y,-27.0
115258.387457,53.133412,input,track,joystick_y,-33.5
115258.502938,53.248872,input,track,joystick_y,-31.5
115258.604949,53.35082,input,track,joystick_y,-32.0
115258.705679,53.451544,input,track,joystick_y,-35.0
115258.821774,53.56767,input,track,joystick_y,-34.5
115258.938316,53.68424,input,track,joystick_y,-29.25
115259.05487,53.800857,input,track,joystick_y,-14.5
115259.155021,53.900862,input,track,joystick_y,-9.0
115259.255167,54.001045,input,track,joystick_y,-6.5
115259.371718,54.117619,input,track,joystick_y,-7.5
115259.471941,54.217814,input,track,joystick_y,-7.75
115259.574535,54.320242,input,track,joystick_y,-7.75
115259.688711,54.434619,input,track,joystick_y,-10.25
115259.80512,54.550941,input,track,joystick_y,-13.0
115259.921558,54.667463,input,track,joystick_y,-12.5
115260.038258,54.784171,input,track,joystick_y,-4.0
115260.138254,54.884178,input,track,joystick_y,-1.25
115260.238305,54.984207,input,track,joystick_y,6.25
115260.354928,55.100812,input,track,joystick_y,9.5
115260.461006,55.206734,input,track,joystick_y,9.75
115260.571348,55.317245,input,track,joystick_y,10.25
115260.671536,55.417442,input,track,joystick_y,-0.25
115260.772156,55.518029,input,track,joystick_y,-0.5
115260.888517,55.634387,input,track,joystick_y,-0.5
115261.005075,55.750874,input,track,joystick_y,-0.5
115261.121333,55.867245,input,track,joystick_y,158.0
115261.221657,55.967576,input,track,joystick_y,100.5
115261.338501,56.084417,input,track,joystick_y,-64.75
115261.454387,56.200315,input,track,joystick_y,-31.25
115261.555246,56.301118,input,track,joystick_y,-17.0
115261.655793,56.401605,input,track,joystick_y,-24.0
115261.771482,56.517366,input,track,joystick_y,-37.0
115261.871736,56.617649,input,track,joystick_y,-37.25
115261.988199,56.733952,input,track,joystick_y,-45.0
115262.088444,56.834361,input,track,joystick_y,-47.25
115262.188503,56.934413,input,track,joystick_y,-39.5
115262.304829,57.050705,input,track,joystick_y,-27.0
115262.404981,57.150858,input,track,joystick_y,-21.0
115262.521338,57.267231,input,track,joystick_y,-21.75
115262.621451,57.367335,input,track,joystick_y,-21.75
115262.721688,57.467586,input,track,joystick_y,-10.25
115262.838228,57.584131,input,track,joystick_y,16.25
115262.938378,57.684285,input,track,joystick_y,45.75
115263.057499,57.803312,input,track,joystick_y,52.5
115263.171497,57.91738,input,track,joystick_y,41.75
115263.285733,58.031678,input,track,joystick_y,41.75
115263.388118,58.133839,input,track,joystick_y,41.75
115263.502496,58.248421,input,track,joystick_y,41.75
115263.603418,58.349306,input,track,joystick_y,41.75
115263.718628,58.46456,input,track,joystick_y,41.75
115263.81894,58.564884,input,track,joystick_y,41.75
115263.935564,58.681494,input,track,joystick_y,41.75
115264.035857,58.781735,input,track,joystick_y,41.75
115264.152437,58.898273,input,track,joystick_y,41.75
115264.252291,58.998306,input,track,joystick_y,41.75
115264.368978,59.114932,input,track,joystick_y,43.5
115264.485465,59.231374,input,track,joystick_y,-83.5
115264.585468,59.331504,input,track,joystick_y,-111.75
115264.702533,59.448398,input,track,joystick_y,-111.75
115264.819077,59.564967,input,track,joystick_y,-52.0
115264.935864,59.681859,input,track,joystick_y,-58.25
115265.036213,59.782068,input,track,joystick_y,-63.0
115265.152169,59.898021,input,track,joystick_y,-51.5
115265.252366,59.998308,input,track,joystick_y,-38.0
115265.368723,60.114728,input,track,joystick_y,-25.5
115265.485579,60.231533,input,track,joystick_y,-34.5
115265.602228,60.348108,input,track,joystick_y,-34.5
115265.702301,60.44818,input,track,joystick_y,-31.5
115265.802677,60.548469,input,track,joystick_y,-18.5
115265.91874,60.664663,input,track,joystick_y,-7.5
115266.018702,60.76469,input,track,joystick_y,-10.5
115266.135147,60.881145,input,track,joystick_y,-56.0
115266.235533,60.981509,input,track,joystick_y,-71.25
115266.33584,61.081748,input,track,joystick_y,-54.25
115266.437663,61.183606,input,track,joystick_y,-30.5
115266.538242,61.284131,input,track,joystick_y,-70.0
115266.654454,61.400297,input,track,joystick_y,-111.75
115266.771174,61.517074,input,track,joystick_y,-74.75
115266.888136,61.633992,input,track,joystick_y,-26.0
115267.004698,61.750555,input,track,joystick_y,1.0
115267.121083,61.866995,input,track,joystick_y,18.0
115267.221326,61.967215,input,track,joystick_y,23.0
115267.337679,62.083555,input,track,joystick_y,23.75
115267.454534,62.200352,input,track,joystick_y,23.75
115267.554639,62.300448,input,track,joystick_y,23.75
115267.655786,62.401651,input,track,joystick_y,23.75
115267.768349,62.514319,input,track,joystick_y,23.75
115267.871189,62.617083,input,track,joystick_y,23.75
115267.971327,62.717231,input,track,joystick_y,22.25
115268.087417,62.833333,input,track,joystick_y,15.25
115268.187792,62.9337,input,track,joystick_y,6.25
115268.30463,63.050384,input,track,joystick_y,5.0
115268.404756,63.150637,input,track,joystick_y,5.0
115268.520834,63.266748,input,track,joystick_y,1.5
115268.637313,63.383229,input,track,joystick_y,-4.5
115268.737486,63.483392,input,track,joystick_y,-9.25
115268.837589,63.5835,input,track,joystick_y,-11.75
115268.937666,63.683584,input,track,joystick_y,-12.5
115269.054627,63.800411,input,track,joystick_y,-10.0
115269.155186,63.901019,input,track,joystick_y,-6.75
115269.271168,64.017062,input,track,joystick_y,4.5
115269.387388,64.133279,input,track,joystick_y,4.5
115269.487521,64.233419,input,track,joystick_y,6.5
115269.587682,64.333601,input,track,joystick_y,6.0
115269.704618,64.450483,input,track,joystick_y,-4.0
115269.820787,64.566704,input,track,joystick_y,-5.75
115269.920962,64.666872,input,track,joystick_y,-7.75
115270.037593,64.783511,input,track,joystick_y,-4.75
115270.137828,64.883747,input,track,joystick_y,12.25
115270.254186,65.000072,input,track,joystick_y,13.5
115270.371276,65.117182,input,track,joystick_y,-5.5
115270.490063,65.235869,input,track,joystick_y,-8.0
115270.603969,65.349843,input,track,joystick_y,-6.5
115270.70417,65.450017,input,track,joystick_y,-18.25
115270.80451,65.550381,input,track,joystick_y,-44.25
115270.920842,65.666739,input,track,joystick_y,-57.5
115271.02085,65.766761,input,track,joystick_y,-57.5
115271.12169,65.867582,input,track,joystick_y,-64.5
115271.237475,65.983382,input,track,joystick_y,-84.75
115271.354047,66.099914,input,track,joystick_y,-84.75
115271.45428,66.200002,input,track,joystick_y,-84.75
115271.555582,66.301285,input,track,joystick_y,-84.75
115271.67078,66.416602,input,track,joystick_y,-80.0
115271.770876,66.516796,input,track,joystick_y,-92.0
115271.88737,66.633254,input,track,joystick_y,-111.75
115271.98814,66.734004,input,track,joystick_y,-111.75
115272.101073,66.847115,input,track,joystick_y,-111.75
115272.203964,66.949837,input,track,joystick_y,-111.75
115272.304577,67.050464,input,track,joystick_y,-108.5
115272.420718,67.166627,input,track,joystick_y,-56.0
115272.521011,67.266931,input,track,joystick_y,-68.75
115272.637587,67.383485,input,track,joystick_y,-111.75
115272.754126,67.500005,input,track,joystick_y,-91.5
115272.854187,67.600041,input,track,joystick_y,-43.5
115272.970969,67.716766,input,track,joystick_y,134.0
115273.087433,67.833318,input,track,joystick_y,147.5
115273.187506,67.933392,input,track,joystick_y,106.0
115273.287805,68.033699,input,track,joystick_y,84.75
115273.403792,68.149657,input,track,joystick_y,50.75
115273.504252,68.250095,input,track,joystick_y,45.25
115273.620576,68.36649,input,track,joystick_y,26.75
115273.72086,68.466776,input,track,joystick_y,8.5
115273.820963,68.566841,input,track,joystick_y,6.0
115273.937585,68.683445,input,track,joystick_y,6.0
115274.054611,68.800319,input,track,joystick_y,-4.25
115274.170572,68.916386,input,track,joystick_y,-34.0
115274.270847,69.01675,input,track,joystick_y,-49.75
115274.387384,69.133294,input,track,joystick_y,-111.75
115274.504367,69.25024,input,track,joystick_y,-100.75
115274.62063,69.36654,input,track,joystick_y,-40.5
115274.720659,69.466564,input,track,joystick_y,-103.0
115274.820928,69.56683,input,track,joystick_y,-105.25
115274.937173,69.683041,input,track,joystick_y,-105.25
115275.037261,69.783117,input,track,joystick_y,-105.25
115275.154496,69.900384,input,track,joystick_y,-111.75
115275.270603,70.016513,input,track,joystick_y,-111.75
115275.387066,70.132986,input,track,joystick_y,-111.75
115275.48732,70.233216,input,track,joystick_y,-111.75
115275.603179,70.349144,input,track,joystick_y,-111.75
115275.704119,70.449933,input,track,joystick_y,-111.75
115275.820623,70.566534,input,track,joystick_y,-109.25
115275.920888,70.666775,input,track,joystick_y,-111.75
115276.037147,70.78305,input,track,joystick_y,-111.25
115276.153926,70.899806,input,track,joystick_y,-66.75
115276.270309,71.01621,input,track,joystick_y,-61.0
115276.370732,71.116601,input,track,joystick_y,-89.5
115276.487318,71.233191,input,track,joystick_y,-89.75
115276.603999,71.349877,input,track,joystick_y,-64.5
115276.720554,71.466463,input,track,joystick_y,-60.5
115276.820785,71.566659,input,track,joystick_y,-60.0
115276.937345,71.68326,input,track,joystick_y,-60.0
115277.053741,71.799586,input,track,joystick_y,-60.0
115277.170377,71.916267,input,track,joystick_y,-59.75
115277.270578,72.016487,input,track,joystick_y,-53.5
115277.387113,72.133027,input,track,joystick_y,-51.0
115277.503925,72.249784,input,track,joystick_y,-48.75
115277.620611,72.366525,input,track,joystick_y,-46.0
115277.737221,72.483124,input,track,joystick_y,-44.0
115277.853677,72.599546,input,track,joystick_y,-39.0
115277.970245,72.716119,input,track,joystick_y,-31.75
115278.087218,72.83312,input,track,joystick_y,-26.5
115278.203507,72.949395,input,track,joystick_y,-34.75
115278.304121,73.049933,input,track,joystick_y,-50.75
115278.42058,73.166465,input,track,joystick_y,-62.75
115278.537284,73.283203,input,track,joystick_y,-66.75
115278.653621,73.399492,input,track,joystick_y,-81.75
115278.753635,73.499516,input,track,joystick_y,-111.75
115278.853701,73.59958,input,track,joystick_y,-111.75
115278.953887,73.699748,input,track,joystick_y,-111.75
115279.06797,73.813955,input,track,joystick_y,-102.25
115279.186852,73.932743,input,track,joystick_y,-29.0
115279.287,74.032827,input,track,joystick_y,27.0
115279.38704,74.132948,input,track,joystick_y,89.0
115279.487293,74.233154,input,track,joystick_y,109.0
115279.604132,74.349964,input,track,joystick_y,35.0
115279.720329,74.466249,input,track,joystick_y,7.0
115279.820528,74.566433,input,track,joystick_y,4.5
115279.936626,74.682524,input,track,joystick_y,-5.0
115280.036824,74.782741,input,track,joystick_y,-9.0
115280.137008,74.882915,input,track,joystick_y,-15.25
115280.253528,74.999401,input,track,joystick_y,-13.0
115280.35361,75.099474,input,track,joystick_y,-11.0
115280.453794,75.199671,input,track,joystick_y,-10.75
115280.567291,75.313258,input,track,joystick_y,-9.5
115280.670149,75.416047,input,track,joystick_y,-9.5
115280.78678,75.532705,input,track,joystick_y,-24.75
115280.887028,75.63292,input,track,joystick_y,-44.0
115281.0034,75.74925,input,track,joystick_y,-44.25
115281.104412,75.85019,input,track,joystick_y,-39.0
115281.22177,75.967618,input,track,joystick_y,-39.0
115281.33676,76.082628,input,track,joystick_y,-39.0
115281.43703,76.182912,input,track,joystick_y,-39.0
115281.537104,76.283006,input,track,joystick_y,-39.0
115281.653507,76.399359,input,track,joystick_y,-39.0
115281.753936,76.499952,input,track,joystick_y,-39.0
115281.869999,76.615846,input,track,joystick_y,-39.0
115281.986124,76.732063,input,track,joystick_y,-39.0
115282.08674,76.832601,input,track,joystick_y,-39.0
115282.203574,76.94938,input,track,joystick_y,-39.0
115282.303635,77.049438,input,track,joystick_y,-39.0
115282.420181,77.165979,input,track,joystick_y,-39.0
115282.536889,77.282787,input,track,joystick_y,-39.0
115282.653539,77.399423,input,track,joystick_y,-39.0
115282.770064,77.515965,input,track,joystick_y,-39.0
115282.887,77.632901,input,track,joystick_y,-39.0
115283.003594,77.749424,input,track,joystick_y,-39.0
115283.120072,77.865902,input,track,joystick_y,-39.0
115283.220176,77.965987,input,track,joystick_y,-39.0
115283.320196,78.066083,input,track,joystick_y,-39.0
115283.436892,78.182748,input,track,joystick_y,-39.0
115283.553398,78.299252,input,track,joystick_y,-39.0
115283.653563,78.399416,input,track,joystick_y,-39.0
115283.769897,78.515772,input,track,joystick_y,-39.0
115283.869874,78.615781,input,track,joystick_y,-39.0
115283.96993,78.715824,input,track,joystick_y,-39.0
115284.086641,78.832537,input,track,joystick_y,-39.0
115284.188419,78.934293,input,track,joystick_y,-39.0
115284.303263,79.049141,input,track,joystick_y,-39.0
115284.403337,79.149178,input,track,joystick_y,-39.0
115284.519898,79.265801,input,track,joystick_y,-39.0
115284.63674,79.382595,input,track,joystick_y,-39.0
115284.736831,79.482716,input,track,joystick_y,-39.0
115284.837132,79.582991,input,track,joystick_y,-39.0
115284.953747,79.699591,input,track,joystick_y,-39.0
115285.069514,79.815407,input,track,joystick_y,-39.0
115285.169762,79.915651,input,track,joystick_y,-39.0
115285.286548,80.032443,input,track,joystick_y,-39.0
115285.403444,80.14923,input,track,joystick_y,-39.0
115285.520614,80.266495,input,track,joystick_y,-39.0
115285.63651,80.382425,input,track,joystick_y,-39.0
115285.753388,80.499255,input,track,joystick_y,-39.0
115285.869677,80.615581,input,track,joystick_y,-39.0
115285.986325,80.73218,input,track,joystick_y,-39.0
115286.103154,80.849007,input,track,joystick_y,-39.0
115286.203231,80.949042,input,track,joystick_y,-39.0
115286.320649,81.066467,input,track,joystick_y,-39.0
115286.436656,81.182517,input,track,joystick_y,-39.0
115286.553005,81.298885,input,track,joystick_y,-39.0
115286.653208,81.399055,input,track,joystick_y,-39.0
115286.753218,81.499058,input,track,joystick_y,-39.0
115286.869881,81.615781,input,track,joystick_y,19.75
115286.986435,81.732227,input,track,joystick_y,30.25
115287.103881,81.849578,input,track,joystick_y,26.25
115287.216502,81.962599,input,track,joystick_y,23.0
115287.319811,82.065704,input,track,joystick_y,23.0
115287.419836,82.16571,input,track,joystick_y,23.0
115287.536385,82.282293,input,track,joystick_y,23.5
115287.636438,82.382351,input,track,joystick_y,13.75
115287.753217,82.499096,input,track,joystick_y,-20.0
115287.869538,82.615447,input,track,joystick_y,-21.25
115287.986361,82.732259,input,track,joystick_y,50.75
115288.090353,82.836089,input,track,joystick_y,32.75
115288.203159,82.949046,input,track,joystick_y,-54.5
115288.319771,83.065664,input,track,joystick_y,-33.5
115288.436174,83.182059,input,track,joystick_y,-3.25
115288.536433,83.282339,input,track,joystick_y,-60.25
115288.652993,83.398881,input,track,joystick_y,-74.25
115288.769629,83.515548,input,track,joystick_y,-66.0
115288.886259,83.63217,input,track,joystick_y,-45.75
115289.002807,83.748685,input,track,joystick_y,-44.75
115289.103103,83.848987,input,track,joystick_y,-35.25
115289.20362,83.949501,input,track,joystick_y,-29.0
115289.31895,84.064847,input,track,joystick_y,-55.25
115289.419745,84.165658,input,track,joystick_y,-61.0
115289.519902,84.265773,input,track,joystick_y,-61.0
115289.636252,84.382139,input,track,joystick_y,-59.75
115289.736319,84.48218,input,track,joystick_y,-68.25
115289.852897,84.598777,input,track,joystick_y,-59.5
115289.953191,84.699045,input,track,joystick_y,-48.75
115290.069382,84.81521,input,track,joystick_y,-48.25
115290.169587,84.915516,input,track,joystick_y,-49.75
115290.269618,85.015521,input,track,joystick_y,-48.75
115290.370521,85.116441,input,track,joystick_y,-46.25
115290.486162,85.232019,input,track,joystick_y,-43.25
115290.602639,85.348534,input,track,joystick_y,-41.75
115290.702978,85.448706,input,track,joystick_y,-62.75
115290.802936,85.548775,input,track,joystick_y,-63.5
115290.919443,85.665339,input,track,joystick_y,-68.25
115291.019683,85.7656,input,track,joystick_y,-68.25
115291.135991,85.881908,input,track,joystick_y,-69.25
115291.236449,85.982359,input,track,joystick_y,-69.0
115291.352836,86.098728,input,track,joystick_y,-66.0
115291.453038,86.198906,input,track,joystick_y,-62.5
115291.569031,86.314931,input,track,joystick_y,-65.75
115291.669354,86.415259,input,track,joystick_y,-87.75
115291.769499,86.515364,input,track,joystick_y,-91.75
115291.886352,86.632215,input,track,joystick_y,-111.75
115292.003079,86.74889,input,track,joystick_y,-111.75
115292.119411,86.865317,input,track,joystick_y,-96.0
115292.219429,86.965319,input,track,joystick_y,-94.75
115292.337098,87.082638,input,track,joystick_y,-111.75
115292.453254,87.199134,input,track,joystick_y,-111.0
115292.567112,87.313022,input,track,joystick_y,-79.0
115292.671482,87.417205,input,track,joystick_y,-62.25
115292.785882,87.531767,input,track,joystick_y,-62.0
115292.886206,87.632108,input,track,joystick_y,-66.0
115293.002551,87.748423,input,track,joystick_y,-67.5
115293.102999,87.848863,input,track,joystick_y,-80.5
115293.219483,87.965276,input,track,joystick_y,-81.0
115293.319392,88.065299,input,track,joystick_y,-82.0
115293.435882,88.1818,input,track,joystick_y,-79.0
115293.536065,88.281911,input,track,joystick_y,-69.5
115293.636124,88.381995,input,track,joystick_y,-61.75
115293.752878,88.498757,input,track,joystick_y,-44.5
115293.869517,88.615339,input,track,joystick_y,-40.75
115293.985954,88.731852,input,track,joystick_y,-39.25
115294.102573,88.848425,input,track,joystick_y,-37.75
115294.219338,88.965254,input,track,joystick_y,-37.5
115294.336747,89.0826,input,track,joystick_y,-35.75
115294.452745,89.198534,input,track,joystick_y,-35.0
115294.553172,89.298956,input,track,joystick_y,-35.0
115294.66955,89.415457,input,track,joystick_y,-32.0
115294.785752,89.531642,input,track,joystick_y,-28.0
115294.885819,89.631714,input,track,joystick_y,-25.25
115295.002622,89.748449,input,track,joystick_y,-25.25
115295.102759,89.848599,input,track,joystick_y,-25.25
115295.219227,89.965091,input,track,joystick_y,-30.5
115295.336185,90.081934,input,track,joystick_y,-33.5
115295.436147,90.181973,input,track,joystick_y,-33.5
115295.552654,90.298504,input,track,joystick_y,-36.5
115295.652762,90.39855,input,track,joystick_y,-37.0
115295.752826,90.49865,input,track,joystick_y,-37.0
115295.855588,90.601316,input,track,joystick_y,-19.5
115295.969233,90.71511,input,track,joystick_y,-7.75
115296.070324,90.816231,input,track,joystick_y,-18.75
115296.185958,90.931843,input,track,joystick_y,-19.0
115296.302102,91.048024,input,track,joystick_y,-19.0
115296.402186,91.148084,input,track,joystick_y,-15.25
115296.502463,91.248312,input,track,joystick_y,-15.25
115296.602605,91.348474,input,track,joystick_y,-13.25
115296.702721,91.448604,input,track,joystick_y,-5.75
115296.819012,91.564911,input,track,joystick_y,-2.25
115296.936135,91.682029,input,track,joystick_y,0.5
115297.052303,91.798151,input,track,joystick_y,3.5
115297.152916,91.898779,input,track,joystick_y,5.25
115297.269033,92.014899,input,track,joystick_y,9.75
115297.369257,92.115137,input,track,joystick_y,12.25
115297.469425,92.215293,input,track,joystick_y,12.25
115297.585789,92.3316,input,track,joystick_y,12.0
115297.686007,92.431877,input,track,joystick_y,10.75
115297.802396,92.548229,input,track,joystick_y,0.25
115297.919519,92.665422,input,track,joystick_y,-1.25
115298.035594,92.781511,input,track,joystick_y,-2.5
115298.135976,92.881738,input,track,joystick_y,-2.5
115298.252453,92.998317,input,track,joystick_y,-2.5
115298.368952,93.11488,input,track,joystick_y,-4.0
115298.485531,93.231422,input,track,joystick_y,-4.25
115298.585589,93.331478,input,track,joystick_y,-4.25
115298.685744,93.431635,input,track,joystick_y,-4.25
115298.802294,93.54814,input,track,joystick_y,-4.25
115298.90245,93.648306,input,track,joystick_y,-4.25
115299.019076,93.764955,input,track,joystick_y,-4.25
115299.119078,93.864966,input,track,joystick_y,-4.25
115299.235746,93.981644,input,track,joystick_y,-7.25
115299.335878,94.081721,input,track,joystick_y,-7.25
115299.452493,94.198325,input,track,joystick_y,-7.75
115299.567914,94.313952,input,track,joystick_y,-7.75
115299.668984,94.414856,input,track,joystick_y,-7.75
115299.769174,94.515033,input,track,joystick_y,-7.75
115299.869274,94.615146,input,track,joystick_y,-7.75
115299.969344,94.715233,input,track,joystick_y,-7.75
115300.069378,94.815236,input,track,joystick_y,-7.75
115300.185961,94.931833,input,track,joystick_y,-7.75
115300.302454,95.048326,input,track,joystick_y,-7.25
115300.402724,95.148605,input,track,joystick_y,-6.75
115300.519229,95.265108,input,track,joystick_y,-7.5
115300.635629,95.381525,input,track,joystick_y,-24.5
115300.735785,95.481678,input,track,joystick_y,-24.5
115300.836217,95.581883,input,track,joystick_y,-24.5
115300.952728,95.698555,input,track,joystick_y,-23.75
115301.069496,95.815474,input,track,joystick_y,-22.25
115301.185604,95.931513,input,track,joystick_y,-25.25
115301.285834,96.031746,input,track,joystick_y,-24.5
115301.402631,96.14839,input,track,joystick_y,-24.25
115301.519692,96.265528,input,track,joystick_y,-23.25
115301.635747,96.38166,input,track,joystick_y,-23.75
115301.735989,96.481908,input,track,joystick_y,-26.25
115301.852465,96.598253,input,track,joystick_y,-29.25
115301.952888,96.698776,input,track,joystick_y,-23.0
115302.069355,96.815207,input,track,joystick_y,-14.25
115302.169307,96.915226,input,track,joystick_y,-38.75
115302.269484,97.015382,input,track,joystick_y,-32.25
115302.385515,97.131405,input,track,joystick_y,-20.75
115302.485722,97.231618,input,track,joystick_y,-21.0
115302.602488,97.348304,input,track,joystick_y,-21.0
115302.702505,97.44832,input,track,joystick_y,-21.0
115302.819229,97.565101,input,track,joystick_y,-21.0
115302.933409,97.679326,input,track,joystick_y,-21.0
115303.049876,97.795899,input,track,joystick_y,-21.0
115303.150191,97.896083,input,track,joystick_y,-21.0
115303.266876,98.012827,input,track,joystick_y,-21.0
115303.383168,98.12911,input,track,joystick_y,-21.0
115303.483416,98.229368,input,track,joystick_y,-21.0
115303.599834,98.345766,input,track,joystick_y,-21.0
115303.700393,98.446097,input,track,joystick_y,-21.0
115303.816672,98.562514,input,track,joystick_y,-21.0
115303.91662,98.662595,input,track,joystick_y,-21.0
115304.016737,98.762609,input,track,joystick_y,-21.0
115304.133305,98.879337,input,track,joystick_y,-21.0
115304.249804,98.995748,input,track,joystick_y,-21.0
115304.366689,99.112663,input,track,joystick_y,-21.0
115304.46676,99.21269,input,track,joystick_y,-21.0
115304.566829,99.312792,input,track,joystick_y,-21.0
115304.68299,99.429035,input,track,joystick_y,-21.0
115304.800104,99.546087,input,track,joystick_y,-21.0
115304.916754,99.662776,input,track,joystick_y,-21.0
115305.016827,99.762785,input,track,joystick_y,-21.0
115305.133075,99.879025,input,track,joystick_y,-21.0
115305.233104,99.97912,input,track,joystick_y,-21.0
115305.333224,100.079196,input,track,joystick_y,-21.0
115305.450115,100.196007,input,track,joystick_y,-21.0
115305.566466,100.312528,input,track,joystick_y,-21.0
115305.668992,100.414894,input,track,joystick_y,-21.0
115305.769128,100.515009,input,track,joystick_y,-21.0
115305.885639,100.631543,input,track,joystick_y,-21.0
115306.002352,100.748236,input,track,joystick_y,-21.0
115306.118674,100.864587,input,track,joystick_y,-21.0
115306.219057,100.964913,input,track,joystick_y,-21.0
115306.319129,101.064976,input,track,joystick_y,-21.0
115306.435734,101.181613,input,track,joystick_y,-21.0
115306.535747,101.281629,input,track,joystick_y,-21.0
115306.652481,101.398272,input,track,joystick_y,-21.0
115306.75256,101.498382,input,track,joystick_y,-21.0
115306.852715,101.598521,input,track,joystick_y,-21.0
115306.953048,101.698842,input,track,joystick_y,-21.0
115307.070055,101.81579,input,track,joystick_y,-21.0
115307.185547,101.93144,input,track,joystick_y,-21.0
115307.285572,102.031467,input,track,joystick_y,-21.0
115307.402381,102.148214,input,track,joystick_y,-21.0
115307.502476,102.248332,input,track,joystick_y,-21.0
115307.619142,102.365036,input,track,joystick_y,-21.0
115307.735593,102.481479,input,track,joystick_y,-21.0
115307.835756,102.581621,input,track,joystick_y,-21.0
115307.952387,102.698195,input,track,joystick_y,-21.0
115308.052414,102.798249,input,track,joystick_y,-21.0
115308.152478,102.898274,input,track,joystick_y,-21.0
115308.252473,102.998288,input,track,joystick_y,-21.0
115308.369105,103.114981,input,track,joystick_y,-21.0
115308.485531,103.23141,input,track,joystick_y,-21.0
115308.602288,103.348151,input,track,joystick_y,-21.0
115308.70239,103.448255,input,track,joystick_y,-21.0
115308.819086,103.564985,input,track,joystick_y,-21.0
115308.935796,103.68165,input,track,joystick_y,-21.0
115309.052402,103.798181,input,track,joystick_y,-21.0
115309.152587,103.898441,input,track,joystick_y,-21.0
115309.26893,104.014781,input,track,joystick_y,-21.0
115309.385641,104.131518,input,track,joystick_y,-21.0
115309.502456,104.248276,input,track,joystick_y,-21.0
115309.619349,104.365218,input,track,joystick_y,-21.0
115309.735819,104.481643,input,track,joystick_y,-21.0
115309.852215,104.598016,input,track,joystick_y,-21.0
115309.952389,104.698177,input,track,joystick_y,-21.0
115310.070192,104.816029,input,track,joystick_y,-21.0
115310.186129,104.932039,input,track,joystick_y,-41.75
115310.30237,105.04826,input,track,joystick_y,-31.75
115310.41594,105.162013,input,track,joystick_y,-36.0
115310.518869,105.264736,input,track,joystick_y,-35.75
115310.618871,105.364779,input,track,joystick_y,-33.25
115310.718946,105.464873,input,track,joystick_y,-34.25
115310.835506,105.581428,input,track,joystick_y,-45.0
115310.952364,105.698264,input,track,joystick_y,-62.25
115311.052623,105.79848,input,track,joystick_y,-62.25
115311.168933,105.914824,input,track,joystick_y,-59.5
115311.285738,106.031616,input,track,joystick_y,-62.0
115311.402273,106.148158,input,track,joystick_y,-47.25
115311.503035,106.248911,input,track,joystick_y,-48.75
115311.618933,106.364791,input,track,joystick_y,-55.0
115311.735662,106.48151,input,track,joystick_y,-55.0
115311.835691,106.581556,input,track,joystick_y,-55.0
115311.935739,106.681574,input,track,joystick_y,-55.0
115312.035714,106.781602,input,track,joystick_y,-55.0
115312.15236,106.898188,input,track,joystick_y,-55.0
