3.206191,0.317189,state,track,"reticle, cursor_proportional_x",0.004
3.269473,0.379531,state,track,"reticle, cursor_proportional_x",0.006
3.365927,0.475685,state,track,"reticle, cursor_proportional_x",0.007999
3.423601,0.531487,state,track,"reticle, cursor_proportional_x",0.009999
3.458063,0.56848,state,track,"reticle, cursor_proportional_x",0.008783
3.491007,0.602437,state,track,"reticle, cursor_proportional_x",0.007567
3.523364,0.63492,state,track,"reticle, cursor_proportional_x",0.006351
3.556263,0.667885,state,track,"reticle, cursor_proportional_x",0.005134
3.589896,0.701254,state,track,"reticle, cursor_proportional_x",0.003917
3.622858,0.73438,state,track,"reticle, cursor_proportional_x",0.002699
3.655942,0.767883,state,track,"reticle, cursor_proportional_x",0.00148
3.689942,0.801097,state,track,"reticle, cursor_proportional_x",0.000262
3.724008,0.83543,state,track,"reticle, cursor_proportional_x",-0.000958
3.756917,0.867916,state,track,"reticle, cursor_proportional_x",0.004252
3.789269,0.901186,state,track,"reticle, cursor_proportional_x",0.003031
3.82239,0.93442,state,track,"reticle, cursor_proportional_x",0.001809
3.8566,0.967868,state,track,"reticle, cursor_proportional_x",0.000586
3.891543,1.001556,state,track,"reticle, cursor_proportional_x",-0.000637
3.923651,1.034597,state,track,"reticle, cursor_proportional_x",0.004568
3.956738,1.067761,state,track,"reticle, cursor_proportional_x",0.003343
3.990739,1.102013,state,track,"reticle, cursor_proportional_x",0.002116
4.023667,1.134928,state,track,"reticle, cursor_proportional_x",0.000888
4.057274,1.16843,state,track,"reticle, cursor_proportional_x",-0.00034
4.090273,1.201446,state,track,"reticle, cursor_proportional_x",0.00486
4.123923,1.234762,state,track,"reticle, cursor_proportional_x",0.003628
4.156157,1.267874,state,track,"reticle, cursor_proportional_x",0.002396
4.189381,1.300959,state,track,"reticle, cursor_proportional_x",0.001162
4.222686,1.334488,state,track,"reticle, cursor_proportional_x",-7.3e-05
4.256368,1.36808,state,track,"reticle, cursor_proportional_x",0.00512
4.290219,1.401398,state,track,"reticle, cursor_proportional_x",0.003882
4.324495,1.434703,state,track,"reticle, cursor_proportional_x",0.002642
4.356484,1.467899,state,track,"reticle, cursor_proportional_x",0.001401
4.38961,1.501387,state,track,"reticle, cursor_proportional_x",0.000158
4.424164,1.535535,state,track,"reticle, cursor_proportional_x",-0.001087
4.455976,1.567711,state,track,"reticle, cursor_proportional_x",0.004096
4.489591,1.601131,state,track,"reticle, cursor_proportional_x",0.002848
4.522384,1.634292,state,track,"reticle, cursor_proportional_x",0.001598
4.555679,1.667733,state,track,"reticle, cursor_proportional_x",0.000346
4.589218,1.700944,state,track,"reticle, cursor_proportional_x",-0.000908
4.622513,1.734164,state,track,"reticle, cursor_proportional_x",0.004266
4.656074,1.767937,state,track,"reticle, cursor_proportional_x",0.003008
4.689263,1.800736,state,track,"reticle, cursor_proportional_x",0.001748
4.723138,1.834326,state,track,"reticle, cursor_proportional_x",0.000486
4.756735,1.867802,state,track,"reticle, cursor_proportional_x",-0.000778
4.789177,1.901083,state,track,"reticle, cursor_proportional_x",0.004385
4.822394,1.934277,state,track,"reticle, cursor_proportional_x",0.003117
4.856406,1.967987,state,track,"reticle, cursor_proportional_x",0.001845
4.889873,2.000959,state,track,"reticle, cursor_proportional_x",0.000572
4.922348,2.034202,state,track,"reticle, cursor_proportional_x",-0.000704
4.95541,2.067544,state,track,"reticle, cursor_proportional_x",0.004448
4.989296,2.100832,state,track,"reticle, cursor_proportional_x",0.003167
5.02219,2.134163,state,track,"reticle, cursor_proportional_x",0.001883
5.055555,2.167517,state,track,"reticle, cursor_proportional_x",0.000597
5.089165,2.200842,state,track,"reticle, cursor_proportional_x",-0.000692
5.122783,2.234003,state,track,"reticle, cursor_proportional_x",0.004447
5.155893,2.267799,state,track,"reticle, cursor_proportional_x",0.003152
5.190926,2.301179,state,track,"reticle, cursor_proportional_x",0.001855
5.222609,2.334405,state,track,"reticle, cursor_proportional_x",0.000555
5.255673,2.367795,state,track,"reticle, cursor_proportional_x",-0.000748
5.288379,2.400689,state,track,"reticle, cursor_proportional_x",0.004377
5.321336,2.433353,state,track,"reticle, cursor_proportional_x",0.003068
5.355699,2.467764,state,track,"reticle, cursor_proportional_x",0.001756
5.389396,2.501014,state,track,"reticle, cursor_proportional_x",0.000441
5.421971,2.534108,state,track,"reticle, cursor_proportional_x",-0.000877
5.455366,2.567521,state,track,"reticle, cursor_proportional_x",0.004231
5.488361,2.600699,state,track,"reticle, cursor_proportional_x",0.002907
5.522125,2.633891,state,track,"reticle, cursor_proportional_x",0.001579
5.555099,2.667384,state,track,"reticle, cursor_proportional_x",0.000248
5.589009,2.700505,state,track,"reticle, cursor_proportional_x",-0.001087
5.621279,2.733775,state,track,"reticle, cursor_proportional_x",0.004005
5.654669,2.767059,state,track,"reticle, cursor_proportional_x",0.002664
5.688418,2.800608,state,track,"reticle, cursor_proportional_x",0.001319
5.721223,2.83355,state,track,"reticle, cursor_proportional_x",-3e-05
5.755236,2.867361,state,track,"reticle, cursor_proportional_x",0.005048
5.789245,2.900601,state,track,"reticle, cursor_proportional_x",0.003692
5.82154,2.933739,state,track,"reticle, cursor_proportional_x",0.002333
5.854474,2.966982,state,track,"reticle, cursor_proportional_x",0.000969
5.889302,3.00061,state,track,"reticle, cursor_proportional_x",-0.000398
5.921419,3.033711,state,track,"reticle, cursor_proportional_x",0.004661
5.954779,3.067102,state,track,"reticle, cursor_proportional_x",0.003287
5.988265,3.100488,state,track,"reticle, cursor_proportional_x",0.001908
6.02145,3.133751,state,track,"reticle, cursor_proportional_x",0.000525
6.054556,3.167086,state,track,"reticle, cursor_proportional_x",-0.000862
6.087964,3.200276,state,track,"reticle, cursor_proportional_x",0.004177
6.121209,3.233664,state,track,"reticle, cursor_proportional_x",0.002782
6.154784,3.267119,state,track,"reticle, cursor_proportional_x",0.001383
6.188108,3.300388,state,track,"reticle, cursor_proportional_x",-2e-05
6.221524,3.33371,state,track,"reticle, cursor_proportional_x",0.005002
6.254506,3.366745,state,track,"reticle, cursor_proportional_x",0.00359
6.288429,3.400516,state,track,"reticle, cursor_proportional_x",0.002174
6.322068,3.43391,state,track,"reticle, cursor_proportional_x",0.000753
6.355331,3.467608,state,track,"reticle, cursor_proportional_x",-0.000672
6.388759,3.500762,state,track,"reticle, cursor_proportional_x",0.004328
6.422132,3.53395,state,track,"reticle, cursor_proportional_x",0.002894
6.455345,3.567466,state,track,"reticle, cursor_proportional_x",0.001455
6.488551,3.600534,state,track,"reticle, cursor_proportional_x",1.2e-05
6.521621,3.633806,state,track,"reticle, cursor_proportional_x",-0.001436
6.554903,3.667075,state,track,"reticle, cursor_proportional_x",0.003541
6.588161,3.70042,state,track,"reticle, cursor_proportional_x",0.002084
6.621856,3.733576,state,track,"reticle, cursor_proportional_x",0.000622
6.65461,3.766861,state,track,"reticle, cursor_proportional_x",-0.000845
6.68811,3.800355,state,track,"reticle, cursor_proportional_x",0.004113
6.721064,3.833386,state,track,"reticle, cursor_proportional_x",0.002636
6.754807,3.867011,state,track,"reticle, cursor_proportional_x",0.001154
6.787703,3.900078,state,track,"reticle, cursor_proportional_x",-0.000333
6.821004,3.933401,state,track,"reticle, cursor_proportional_x",0.004605
6.854703,3.966962,state,track,"reticle, cursor_proportional_x",0.003108
6.888353,4.000016,state,track,"reticle, cursor_proportional_x",0.001606
6.921492,4.033631,state,track,"reticle, cursor_proportional_x",9.9e-05
6.955154,4.066926,state,track,"reticle, cursor_proportional_x",-0.001414
6.988408,4.100198,state,track,"reticle, cursor_proportional_x",0.003498
7.021263,4.13351,state,track,"reticle, cursor_proportional_x",0.001975
7.055205,4.167227,state,track,"reticle, cursor_proportional_x",0.000446
7.087655,4.199998,state,track,"reticle, cursor_proportional_x",-0.001087
7.121864,4.233752,state,track,"reticle, cursor_proportional_x",0.003803
7.15562,4.267056,state,track,"reticle, cursor_proportional_x",0.002258
7.190921,4.301227,state,track,"reticle, cursor_proportional_x",0.000708
7.221558,4.333672,state,track,"reticle, cursor_proportional_x",-0.000848
7.255624,4.367064,state,track,"reticle, cursor_proportional_x",0.004021
7.287808,4.400099,state,track,"reticle, cursor_proportional_x",0.002453
7.321311,4.433456,state,track,"reticle, cursor_proportional_x",0.000881
7.35478,4.467041,state,track,"reticle, cursor_proportional_x",-0.000698
7.38813,4.500221,state,track,"reticle, cursor_proportional_x",0.004148
7.421756,4.53379,state,track,"reticle, cursor_proportional_x",0.002557
7.454303,4.566648,state,track,"reticle, cursor_proportional_x",0.000961
7.487876,4.600121,state,track,"reticle, cursor_proportional_x",-0.000641
7.521782,4.633823,state,track,"reticle, cursor_proportional_x",0.004182
7.554947,4.666973,state,track,"reticle, cursor_proportional_x",0.002568
7.588204,4.700172,state,track,"reticle, cursor_proportional_x",0.000948
7.62117,4.733389,state,track,"reticle, cursor_proportional_x",-0.000678
7.654246,4.766508,state,track,"reticle, cursor_proportional_x",0.00412
7.688281,4.800068,state,track,"reticle, cursor_proportional_x",0.002482
7.721705,4.834,state,track,"reticle, cursor_proportional_x",0.000838
7.754368,4.866518,state,track,"reticle, cursor_proportional_x",-0.000813
7.787851,4.899921,state,track,"reticle, cursor_proportional_x",0.003961
7.820633,4.932948,state,track,"reticle, cursor_proportional_x",0.002298
7.855044,4.966689,state,track,"reticle, cursor_proportional_x",0.000628
7.8883,5.000021,state,track,"reticle, cursor_proportional_x",-0.001047
7.922283,5.034301,state,track,"reticle, cursor_proportional_x",0.0037
7.954485,5.066675,state,track,"reticle, cursor_proportional_x",0.002012
7.987541,5.099814,state,track,"reticle, cursor_proportional_x",0.000317
8.021611,5.133777,state,track,"reticle, cursor_proportional_x",-0.001385
8.055603,5.167099,state,track,"reticle, cursor_proportional_x",0.003337
8.088604,5.200189,state,track,"reticle, cursor_proportional_x",0.001622
8.12052,5.232875,state,track,"reticle, cursor_proportional_x",-9.9e-05
8.153764,5.266245,state,track,"reticle, cursor_proportional_x",0.004603
8.18697,5.299494,state,track,"reticle, cursor_proportional_x",0.002868
8.220754,5.333092,state,track,"reticle, cursor_proportional_x",0.001127
8.254883,5.366467,state,track,"reticle, cursor_proportional_x",-0.000621
8.288016,5.400033,state,track,"reticle, cursor_proportional_x",0.004054
8.320719,5.432743,state,track,"reticle, cursor_proportional_x",0.002292
8.354782,5.466854,state,track,"reticle, cursor_proportional_x",0.000523
8.388005,5.499823,state,track,"reticle, cursor_proportional_x",-0.001253
8.421507,5.533248,state,track,"reticle, cursor_proportional_x",0.003395
8.454714,5.566852,state,track,"reticle, cursor_proportional_x",0.001605
8.487024,5.599549,state,track,"reticle, cursor_proportional_x",-0.000192
8.520774,5.632917,state,track,"reticle, cursor_proportional_x",0.004435
8.554403,5.666631,state,track,"reticle, cursor_proportional_x",0.002624
8.587788,5.699698,state,track,"reticle, cursor_proportional_x",0.000806
8.620525,5.732728,state,track,"reticle, cursor_proportional_x",-0.00102
8.654841,5.766957,state,track,"reticle, cursor_proportional_x",0.003578
8.687933,5.800134,state,track,"reticle, cursor_proportional_x",0.001738
8.722955,5.833881,state,track,"reticle, cursor_proportional_x",-0.000109
8.754054,5.866242,state,track,"reticle, cursor_proportional_x",0.004467
8.787516,5.899669,state,track,"reticle, cursor_proportional_x",0.002606
8.820392,5.932751,state,track,"reticle, cursor_proportional_x",0.000737
8.853657,5.965941,state,track,"reticle, cursor_proportional_x",-0.00114
8.887503,5.999692,state,track,"reticle, cursor_proportional_x",0.003407
8.921152,6.032752,state,track,"reticle, cursor_proportional_x",0.001515
8.954583,6.066478,state,track,"reticle, cursor_proportional_x",-0.000384
8.987523,6.099767,state,track,"reticle, cursor_proportional_x",0.00414
9.021229,6.133226,state,track,"reticle, cursor_proportional_x",0.002226
9.053717,6.166033,state,track,"reticle, cursor_proportional_x",0.000305
9.086997,6.199472,state,track,"reticle, cursor_proportional_x",-0.001625
9.120117,6.232675,state,track,"reticle, cursor_proportional_x",0.002869
9.153674,6.265857,state,track,"reticle, cursor_proportional_x",0.000924
9.187109,6.29922,state,track,"reticle, cursor_proportional_x",-0.001028
9.220493,6.332677,state,track,"reticle, cursor_proportional_x",0.003442
9.253485,6.36583,state,track,"reticle, cursor_proportional_x",0.001474
9.286977,6.399151,state,track,"reticle, cursor_proportional_x",-0.000502
9.320264,6.432619,state,track,"reticle, cursor_proportional_x",0.003944
9.354296,6.465979,state,track,"reticle, cursor_proportional_x",0.001953
9.387203,6.499415,state,track,"reticle, cursor_proportional_x",-4.6e-05
9.420837,6.532653,state,track,"reticle, cursor_proportional_x",0.004376
9.453722,6.566,state,track,"reticle, cursor_proportional_x",0.002361
9.487726,6.59941,state,track,"reticle, cursor_proportional_x",0.000338
9.520334,6.632627,state,track,"reticle, cursor_proportional_x",-0.001694
9.554391,6.666175,state,track,"reticle, cursor_proportional_x",0.002697
9.58731,6.699494,state,track,"reticle, cursor_proportional_x",0.000649
9.620349,6.732682,state,track,"reticle, cursor_proportional_x",-0.001407
9.653705,6.766113,state,track,"reticle, cursor_proportional_x",0.00296
9.686962,6.799286,state,track,"reticle, cursor_proportional_x",0.000887
9.720338,6.832625,state,track,"reticle, cursor_proportional_x",-0.001193
9.754236,6.865924,state,track,"reticle, cursor_proportional_x",0.003149
9.787614,6.899556,state,track,"reticle, cursor_proportional_x",0.001052
9.821083,6.933027,state,track,"reticle, cursor_proportional_x",-0.001053
9.853805,6.96606,state,track,"reticle, cursor_proportional_x",0.003263
9.887502,6.99959,state,track,"reticle, cursor_proportional_x",0.001141
9.920671,7.032578,state,track,"reticle, cursor_proportional_x",-0.000989
9.952827,7.065398,state,track,"reticle, cursor_proportional_x",0.003303
9.98706,7.098898,state,track,"reticle, cursor_proportional_x",0.001156
10.020543,7.132746,state,track,"reticle, cursor_proportional_x",-0.001
10.053794,7.165972,state,track,"reticle, cursor_proportional_x",0.003266
10.086509,7.199018,state,track,"reticle, cursor_proportional_x",0.001093
10.119593,7.232205,state,track,"reticle, cursor_proportional_x",-0.001088
10.152994,7.265391,state,track,"reticle, cursor_proportional_x",0.003153
10.186326,7.298718,state,track,"reticle, cursor_proportional_x",0.000954
10.21955,7.332086,state,track,"reticle, cursor_proportional_x",-0.001252
10.253136,7.365363,state,track,"reticle, cursor_proportional_x",0.002962
10.287127,7.399281,state,track,"reticle, cursor_proportional_x",0.000738
10.321404,7.433079,state,track,"reticle, cursor_proportional_x",-0.001495
10.353682,7.465813,state,track,"reticle, cursor_proportional_x",0.002693
10.386621,7.498783,state,track,"reticle, cursor_proportional_x",0.000443
10.420033,7.532189,state,track,"reticle, cursor_proportional_x",-0.001816
10.452969,7.565391,state,track,"reticle, cursor_proportional_x",0.002346
10.487098,7.598864,state,track,"reticle, cursor_proportional_x",6.9e-05
10.520079,7.632228,state,track,"reticle, cursor_proportional_x",-0.002217
10.553903,7.665397,state,track,"reticle, cursor_proportional_x",0.001919
10.586644,7.698731,state,track,"reticle, cursor_proportional_x",-0.000384
10.620514,7.73225,state,track,"reticle, cursor_proportional_x",0.003733
10.653535,7.765727,state,track,"reticle, cursor_proportional_x",0.001412
10.686754,7.798963,state,track,"reticle, cursor_proportional_x",-0.000918
10.720203,7.832085,state,track,"reticle, cursor_proportional_x",0.003173
10.753739,7.865644,state,track,"reticle, cursor_proportional_x",0.000825
10.786796,7.899093,state,track,"reticle, cursor_proportional_x",-0.001532
10.820565,7.932275,state,track,"reticle, cursor_proportional_x",0.002531
10.853423,7.96534,state,track,"reticle, cursor_proportional_x",0.000156
10.886707,7.998831,state,track,"reticle, cursor_proportional_x",-0.002228
10.920014,8.032066,state,track,"reticle, cursor_proportional_x",0.001808
10.953973,8.066127,state,track,"reticle, cursor_proportional_x",-0.000594
10.986866,8.099195,state,track,"reticle, cursor_proportional_x",0.003424
11.020926,8.132379,state,track,"reticle, cursor_proportional_x",0.001003
11.053958,8.165967,state,track,"reticle, cursor_proportional_x",-0.001427
11.087259,8.199108,state,track,"reticle, cursor_proportional_x",0.002564
11.120346,8.232518,state,track,"reticle, cursor_proportional_x",0.000115
11.153413,8.265714,state,track,"reticle, cursor_proportional_x",-0.002343
11.186364,8.298907,state,track,"reticle, cursor_proportional_x",0.00162
11.22085,8.332006,state,track,"reticle, cursor_proportional_x",-0.000856
11.253917,8.365649,state,track,"reticle, cursor_proportional_x",0.003088
11.286058,8.398579,state,track,"reticle, cursor_proportional_x",0.000593
11.319593,8.431934,state,track,"reticle, cursor_proportional_x",-0.001911
11.353291,8.465475,state,track,"reticle, cursor_proportional_x",0.002005
11.386583,8.498941,state,track,"reticle, cursor_proportional_x",-0.000518
11.420744,8.532598,state,track,"reticle, cursor_proportional_x",0.00338
11.454369,8.565941,state,track,"reticle, cursor_proportional_x",0.000838
11.487582,8.599578,state,track,"reticle, cursor_proportional_x",-0.001713
11.52148,8.633058,state,track,"reticle, cursor_proportional_x",0.002156
11.556507,8.667336,state,track,"reticle, cursor_proportional_x",-0.000414
11.586464,8.698621,state,track,"reticle, cursor_proportional_x",0.003436
11.619901,8.731986,state,track,"reticle, cursor_proportional_x",0.000847
11.653151,8.765148,state,track,"reticle, cursor_proportional_x",-0.001751
11.686322,8.798872,state,track,"reticle, cursor_proportional_x",0.002071
11.721364,8.833426,state,track,"reticle, cursor_proportional_x",-0.000547
11.754122,8.865968,state,track,"reticle, cursor_proportional_x",0.003256
11.788064,8.899364,state,track,"reticle, cursor_proportional_x",0.000619
11.81986,8.932115,state,track,"reticle, cursor_proportional_x",-0.002027
11.853241,8.965497,state,track,"reticle, cursor_proportional_x",0.001747
11.885608,8.998172,state,track,"reticle, cursor_proportional_x",-0.000919
11.91917,9.031505,state,track,"reticle, cursor_proportional_x",0.002836
11.953406,9.065434,state,track,"reticle, cursor_proportional_x",0.000151
11.986361,9.098786,state,track,"reticle, cursor_proportional_x",-0.002544
12.020167,9.132233,state,track,"reticle, cursor_proportional_x",0.001182
12.053785,9.165929,state,track,"reticle, cursor_proportional_x",-0.001531
12.087669,9.199339,state,track,"reticle, cursor_proportional_x",0.002175
12.120559,9.232665,state,track,"reticle, cursor_proportional_x",-0.000558
12.154061,9.266079,state,track,"reticle, cursor_proportional_x",0.003129
12.18711,9.299306,state,track,"reticle, cursor_proportional_x",0.000376
12.220185,9.332451,state,track,"reticle, cursor_proportional_x",-0.002386
12.254333,9.36594,state,track,"reticle, cursor_proportional_x",0.001272
12.287059,9.399175,state,track,"reticle, cursor_proportional_x",-0.00151
12.32024,9.432654,state,track,"reticle, cursor_proportional_x",0.002128
12.354038,9.466537,state,track,"reticle, cursor_proportional_x",-0.000673
12.386702,9.498852,state,track,"reticle, cursor_proportional_x",0.002946
12.41954,9.531682,state,track,"reticle, cursor_proportional_x",0.000125
12.452743,9.565128,state,track,"reticle, cursor_proportional_x",-0.002706
12.486046,9.598181,state,track,"reticle, cursor_proportional_x",0.000883
12.519553,9.631716,state,track,"reticle, cursor_proportional_x",-0.001967
12.552924,9.665017,state,track,"reticle, cursor_proportional_x",0.001603
12.586378,9.698285,state,track,"reticle, cursor_proportional_x",-0.001268
12.619531,9.731674,state,track,"reticle, cursor_proportional_x",0.002282
12.652983,9.765057,state,track,"reticle, cursor_proportional_x",-0.000607
12.686418,9.798278,state,track,"reticle, cursor_proportional_x",0.002923
12.719518,9.83166,state,track,"reticle, cursor_proportional_x",1.3e-05
12.752773,9.86489,state,track,"reticle, cursor_proportional_x",-0.002906
12.78624,9.898321,state,track,"reticle, cursor_proportional_x",0.000594
12.819491,9.931556,state,track,"reticle, cursor_proportional_x",-0.002345
12.853024,9.965098,state,track,"reticle, cursor_proportional_x",0.001136
12.886513,9.998148,state,track,"reticle, cursor_proportional_x",-0.001823
12.91963,10.03156,state,track,"reticle, cursor_proportional_x",0.001638
12.952765,10.064959,state,track,"reticle, cursor_proportional_x",-0.001341
12.98604,10.098188,state,track,"reticle, cursor_proportional_x",0.0021
13.019505,10.131561,state,track,"reticle, cursor_proportional_x",-0.000899
13.052786,10.164811,state,track,"reticle, cursor_proportional_x",0.002522
13.08671,10.198334,state,track,"reticle, cursor_proportional_x",-0.000497
13.119466,10.231548,state,track,"reticle, cursor_proportional_x",0.002905
13.152802,10.265009,state,track,"reticle, cursor_proportional_x",-0.000134
13.186184,10.298184,state,track,"reticle, cursor_proportional_x",0.003248
13.219354,10.331439,state,track,"reticle, cursor_proportional_x",0.000189
13.253552,10.365115,state,track,"reticle, cursor_proportional_x",-0.00288
13.287431,10.398956,state,track,"reticle, cursor_proportional_x",0.000472
13.3194,10.431736,state,track,"reticle, cursor_proportional_x",-0.002617
13.352824,10.464962,state,track,"reticle, cursor_proportional_x",0.000715
13.38543,10.497907,state,track,"reticle, cursor_proportional_x",-0.002394
13.41918,10.531375,state,track,"reticle, cursor_proportional_x",0.000918
13.452459,10.564578,state,track,"reticle, cursor_proportional_x",-0.00221
13.485566,10.597902,state,track,"reticle, cursor_proportional_x",0.001081
13.519279,10.631203,state,track,"reticle, cursor_proportional_x",-0.002067
13.552382,10.664544,state,track,"reticle, cursor_proportional_x",0.001204
13.585879,10.697869,state,track,"reticle, cursor_proportional_x",-0.001964
13.619198,10.731472,state,track,"reticle, cursor_proportional_x",0.001288
13.652498,10.764704,state,track,"reticle, cursor_proportional_x",-0.001901
13.685379,10.797835,state,track,"reticle, cursor_proportional_x",0.001331
13.719818,10.831324,state,track,"reticle, cursor_proportional_x",-0.001878
13.752847,10.864805,state,track,"reticle, cursor_proportional_x",0.001334
13.786959,10.899099,state,track,"reticle, cursor_proportional_x",-0.001895
13.820234,10.932502,state,track,"reticle, cursor_proportional_x",0.001297
13.853186,10.96529,state,track,"reticle, cursor_proportional_x",-0.001951
13.88629,10.998383,state,track,"reticle, cursor_proportional_x",0.00122
13.919656,11.031287,state,track,"reticle, cursor_proportional_x",-0.002048
13.952462,11.064552,state,track,"reticle, cursor_proportional_x",0.001103
13.986776,11.098824,state,track,"reticle, cursor_proportional_x",-0.002185
14.019167,11.131315,state,track,"reticle, cursor_proportional_x",0.000947
14.052411,11.164504,state,track,"reticle, cursor_proportional_x",-0.002362
14.086815,11.197877,state,track,"reticle, cursor_proportional_x",0.00075
14.119404,11.23152,state,track,"reticle, cursor_proportional_x",-0.002578
14.152582,11.264638,state,track,"reticle, cursor_proportional_x",0.000513
14.186087,11.298165,state,track,"reticle, cursor_proportional_x",-0.002835
14.219083,11.331123,state,track,"reticle, cursor_proportional_x",0.000237
14.253344,11.365282,state,track,"reticle, cursor_proportional_x",-0.003132
14.286878,11.398293,state,track,"reticle, cursor_proportional_x",-8e-05
14.319506,11.431763,state,track,"reticle, cursor_proportional_x",0.002962
14.353321,11.465477,state,track,"reticle, cursor_proportional_x",-0.000436
14.386893,11.499055,state,track,"reticle, cursor_proportional_x",0.002586
14.420658,11.532478,state,track,"reticle, cursor_proportional_x",-0.000832
14.453725,11.565791,state,track,"reticle, cursor_proportional_x",0.00217
14.486453,11.598528,state,track,"reticle, cursor_proportional_x",-0.001268
14.521064,11.632173,state,track,"reticle, cursor_proportional_x",0.001714
14.553645,11.665045,state,track,"reticle, cursor_proportional_x",-0.001744
14.587324,11.699083,state,track,"reticle, cursor_proportional_x",0.001218
14.619951,11.731813,state,track,"reticle, cursor_proportional_x",-0.002259
14.653064,11.765042,state,track,"reticle, cursor_proportional_x",0.000683
14.686682,11.798576,state,track,"reticle, cursor_proportional_x",-0.002814
14.71919,11.831354,state,track,"reticle, cursor_proportional_x",0.000108
14.751988,11.86417,state,track,"reticle, cursor_proportional_x",-0.003409
14.78506,11.89755,state,track,"reticle, cursor_proportional_x",-0.000506
14.818167,11.930671,state,track,"reticle, cursor_proportional_x",0.002387
14.852037,11.964619,state,track,"reticle, cursor_proportional_x",-0.00116
14.886676,11.998618,state,track,"reticle, cursor_proportional_x",0.001713
14.920372,12.031974,state,track,"reticle, cursor_proportional_x",-0.001853
14.952533,12.064549,state,track,"reticle, cursor_proportional_x",0.001
14.98456,12.097199,state,track,"reticle, cursor_proportional_x",-0.002586
15.018002,12.13056,state,track,"reticle, cursor_proportional_x",0.000248
15.051553,12.163884,state,track,"reticle, cursor_proportional_x",-0.003358
15.084888,12.197283,state,track,"reticle, cursor_proportional_x",-0.000543
15.118262,12.230763,state,track,"reticle, cursor_proportional_x",0.002261
15.151447,12.263907,state,track,"reticle, cursor_proportional_x",-0.001374
15.185221,12.297389,state,track,"reticle, cursor_proportional_x",0.001411
15.218823,12.330703,state,track,"reticle, cursor_proportional_x",-0.002244
15.253053,12.363827,state,track,"reticle, cursor_proportional_x",0.000522
15.284986,12.397168,state,track,"reticle, cursor_proportional_x",-0.003153
15.318379,12.430606,state,track,"reticle, cursor_proportional_x",-0.000407
15.351754,12.463839,state,track,"reticle, cursor_proportional_x",0.00233
15.385164,12.497344,state,track,"reticle, cursor_proportional_x",-0.001374
15.418395,12.530654,state,track,"reticle, cursor_proportional_x",0.001343
15.453266,12.565576,state,track,"reticle, cursor_proportional_x",-0.00238
15.484791,12.597175,state,track,"reticle, cursor_proportional_x",0.000318
15.518745,12.631007,state,track,"reticle, cursor_proportional_x",-0.003424
15.552022,12.664247,state,track,"reticle, cursor_proportional_x",-0.000746
15.585656,12.697846,state,track,"reticle, cursor_proportional_x",0.001923
15.618744,12.730745,state,track,"reticle, cursor_proportional_x",-0.001848
15.651879,12.764179,state,track,"reticle, cursor_proportional_x",0.000801
15.684701,12.797167,state,track,"reticle, cursor_proportional_x",-0.002989
15.718258,12.830734,state,track,"reticle, cursor_proportional_x",-0.000359
15.751493,12.863773,state,track,"reticle, cursor_proportional_x",0.002262
15.785585,12.897122,state,track,"reticle, cursor_proportional_x",-0.001557
15.818844,12.930514,state,track,"reticle, cursor_proportional_x",0.001045
15.851499,12.963775,state,track,"reticle, cursor_proportional_x",-0.002793
15.88506,12.997088,state,track,"reticle, cursor_proportional_x",-0.000211
15.919389,13.030555,state,track,"reticle, cursor_proportional_x",0.002363
15.95129,13.063733,state,track,"reticle, cursor_proportional_x",-0.001504
15.985414,13.09713,state,track,"reticle, cursor_proportional_x",0.001051
16.019164,13.131179,state,track,"reticle, cursor_proportional_x",-0.002835
16.051392,13.163833,state,track,"reticle, cursor_proportional_x",-0.000299
16.085034,13.197041,state,track,"reticle, cursor_proportional_x",0.002227
16.118658,13.230428,state,track,"reticle, cursor_proportional_x",-0.001687
16.151627,13.263797,state,track,"reticle, cursor_proportional_x",0.000821
16.18571,13.29805,state,track,"reticle, cursor_proportional_x",-0.003111
16.218215,13.330406,state,track,"reticle, cursor_proportional_x",-0.000623
16.252813,13.364178,state,track,"reticle, cursor_proportional_x",0.001857
16.285044,13.397163,state,track,"reticle, cursor_proportional_x",-0.002104
16.318283,13.430584,state,track,"reticle, cursor_proportional_x",0.000357
16.351451,13.463637,state,track,"reticle, cursor_proportional_x",-0.003621
16.385263,13.497009,state,track,"reticle, cursor_proportional_x",-0.001179
16.418651,13.530813,state,track,"reticle, cursor_proportional_x",0.001254
16.451943,13.563666,state,track,"reticle, cursor_proportional_x",-0.002752
16.484437,13.596901,state,track,"reticle, cursor_proportional_x",-0.000338
16.518539,13.630274,state,track,"reticle, cursor_proportional_x",0.002068
16.552076,13.663732,state,track,"reticle, cursor_proportional_x",-0.001966
16.584782,13.696912,state,track,"reticle, cursor_proportional_x",0.000422
16.619244,13.730807,state,track,"reticle, cursor_proportional_x",-0.00363
16.652596,13.76408,state,track,"reticle, cursor_proportional_x",-0.001261
16.685428,13.79738,state,track,"reticle, cursor_proportional_x",0.001099
16.718962,13.830881,state,track,"reticle, cursor_proportional_x",-0.00298
16.752348,13.86405,state,track,"reticle, cursor_proportional_x",-0.000638
16.785622,13.897099,state,track,"reticle, cursor_proportional_x",0.001695
16.818005,13.930197,state,track,"reticle, cursor_proportional_x",-0.002411
16.851993,13.963789,state,track,"reticle, cursor_proportional_x",-9.6e-05
16.884512,13.996785,state,track,"reticle, cursor_proportional_x",0.00221
16.918563,14.030405,state,track,"reticle, cursor_proportional_x",-0.001922
16.951674,14.063727,state,track,"reticle, cursor_proportional_x",0.000366
16.98503,14.097076,state,track,"reticle, cursor_proportional_x",-0.003784
17.018338,14.130347,state,track,"reticle, cursor_proportional_x",-0.001514
17.051509,14.163473,state,track,"reticle, cursor_proportional_x",0.000748
17.086357,14.198391,state,track,"reticle, cursor_proportional_x",-0.003428
17.118633,14.230393,state,track,"reticle, cursor_proportional_x",-0.001184
17.151446,14.263676,state,track,"reticle, cursor_proportional_x",0.001052
17.184504,14.296741,state,track,"reticle, cursor_proportional_x",-0.003151
17.218255,14.330317,state,track,"reticle, cursor_proportional_x",-0.000933
17.251514,14.363542,state,track,"reticle, cursor_proportional_x",0.001277
17.284764,14.39681,state,track,"reticle, cursor_proportional_x",-0.002952
17.318491,14.430473,state,track,"reticle, cursor_proportional_x",-0.00076
17.351351,14.463488,state,track,"reticle, cursor_proportional_x",0.001424
17.385313,14.496813,state,track,"reticle, cursor_proportional_x",-0.002831
17.418346,14.530177,state,track,"reticle, cursor_proportional_x",-0.000664
17.451447,14.563555,state,track,"reticle, cursor_proportional_x",0.001494
17.484629,14.596725,state,track,"reticle, cursor_proportional_x",-0.002786
17.518398,14.630136,state,track,"reticle, cursor_proportional_x",-0.000645
17.55144,14.663534,state,track,"reticle, cursor_proportional_x",0.001488
17.586165,14.698,state,track,"reticle, cursor_proportional_x",-0.002818
17.618993,14.730912,state,track,"reticle, cursor_proportional_x",-0.000702
17.652263,14.76434,state,track,"reticle, cursor_proportional_x",0.001406
17.68565,14.797997,state,track,"reticle, cursor_proportional_x",-0.002924
17.719731,14.831351,state,track,"reticle, cursor_proportional_x",-0.000833
17.752535,14.864416,state,track,"reticle, cursor_proportional_x",0.00125
17.785821,14.897925,state,track,"reticle, cursor_proportional_x",-0.003106
17.818537,14.93061,state,track,"reticle, cursor_proportional_x",-0.001039
17.85212,14.963882,state,track,"reticle, cursor_proportional_x",0.001019
17.885048,14.996958,state,track,"reticle, cursor_proportional_x",-0.003361
17.918454,15.030212,state,track,"reticle, cursor_proportional_x",-0.001319
17.952028,15.063447,state,track,"reticle, cursor_proportional_x",0.000715
17.984693,15.096786,state,track,"reticle, cursor_proportional_x",-0.003689
18.017844,15.129864,state,track,"reticle, cursor_proportional_x",-0.001671
18.051016,15.16314,state,track,"reticle, cursor_proportional_x",0.000339
18.085003,15.196784,state,track,"reticle, cursor_proportional_x",-0.004089
18.117979,15.230017,state,track,"reticle, cursor_proportional_x",-0.002095
18.15198,15.263529,state,track,"reticle, cursor_proportional_x",-0.000109
18.184591,15.296526,state,track,"reticle, cursor_proportional_x",0.001869
18.217853,15.32978,state,track,"reticle, cursor_proportional_x",-0.00259
18.251323,15.363273,state,track,"reticle, cursor_proportional_x",-0.000628
18.28441,15.39644,state,track,"reticle, cursor_proportional_x",0.001327
18.317956,15.42995,state,track,"reticle, cursor_proportional_x",-0.003156
18.351816,15.463317,state,track,"reticle, cursor_proportional_x",-0.001217
18.384552,15.496728,state,track,"reticle, cursor_proportional_x",0.000715
18.417772,15.529768,state,track,"reticle, cursor_proportional_x",-0.003791
18.451173,15.563065,state,track,"reticle, cursor_proportional_x",-0.001875
18.48472,15.596798,state,track,"reticle, cursor_proportional_x",3.4e-05
18.517937,15.63001,state,track,"reticle, cursor_proportional_x",-0.004495
18.552486,15.664264,state,track,"reticle, cursor_proportional_x",-0.002601
18.585495,15.696722,state,track,"reticle, cursor_proportional_x",-0.000715
18.618091,15.729686,state,track,"reticle, cursor_proportional_x",0.001164
18.651138,15.763028,state,track,"reticle, cursor_proportional_x",-0.003395
18.685425,15.797548,state,track,"reticle, cursor_proportional_x",-0.001531
18.718332,15.830153,state,track,"reticle, cursor_proportional_x",0.000326
18.751401,15.863081,state,track,"reticle, cursor_proportional_x",-0.004255
18.785695,15.897361,state,track,"reticle, cursor_proportional_x",-0.002413
18.818796,15.930741,state,track,"reticle, cursor_proportional_x",-0.000578
18.852553,15.964871,state,track,"reticle, cursor_proportional_x",0.001249
18.88555,15.997253,state,track,"reticle, cursor_proportional_x",-0.003361
18.918357,16.029765,state,track,"reticle, cursor_proportional_x",-0.001547
18.953372,16.065118,state,track,"reticle, cursor_proportional_x",0.000259
18.986746,16.097852,state,track,"reticle, cursor_proportional_x",-0.004373
19.020182,16.131503,state,track,"reticle, cursor_proportional_x",-0.002581
19.053188,16.16491,state,track,"reticle, cursor_proportional_x",-0.000796
19.087065,16.197934,state,track,"reticle, cursor_proportional_x",0.000982
19.120765,16.232151,state,track,"reticle, cursor_proportional_x",-0.003677
19.156459,16.268327,state,track,"reticle, cursor_proportional_x",-0.001913
19.187488,16.298201,state,track,"reticle, cursor_proportional_x",-0.000155
19.218719,16.33084,state,track,"reticle, cursor_proportional_x",0.001595
19.253024,16.364856,state,track,"reticle, cursor_proportional_x",-0.003091
19.285746,16.396484,state,track,"reticle, cursor_proportional_x",-0.001355
19.319038,16.43057,state,track,"reticle, cursor_proportional_x",0.000376
19.351583,16.463496,state,track,"reticle, cursor_proportional_x",-0.004331
19.385357,16.496605,state,track,"reticle, cursor_proportional_x",-0.002614
19.419501,16.530894,state,track,"reticle, cursor_proportional_x",-0.000904
19.452668,16.564669,state,track,"reticle, cursor_proportional_x",0.0008
19.48576,16.597672,state,track,"reticle, cursor_proportional_x",-0.003933
19.517962,16.629673,state,track,"reticle, cursor_proportional_x",-0.002243
19.552135,16.663388,state,track,"reticle, cursor_proportional_x",-0.000558
19.585347,16.697377,state,track,"reticle, cursor_proportional_x",0.001119
19.618724,16.730858,state,track,"reticle, cursor_proportional_x",-0.003639
19.652244,16.763725,state,track,"reticle, cursor_proportional_x",-0.001974
19.685228,16.796795,state,track,"reticle, cursor_proportional_x",-0.000316
19.718982,16.830198,state,track,"reticle, cursor_proportional_x",0.001337
19.751113,16.862812,state,track,"reticle, cursor_proportional_x",-0.003447
19.784708,16.896591,state,track,"reticle, cursor_proportional_x",-0.001807
19.817975,16.92945,state,track,"reticle, cursor_proportional_x",-0.000173
19.850866,16.962689,state,track,"reticle, cursor_proportional_x",0.001455
19.884783,16.996325,state,track,"reticle, cursor_proportional_x",-0.003353
19.918046,17.029733,state,track,"reticle, cursor_proportional_x",-0.001738
19.951742,17.063439,state,track,"reticle, cursor_proportional_x",-0.000128
19.98447,17.096089,state,track,"reticle, cursor_proportional_x",0.001476
20.018353,17.129599,state,track,"reticle, cursor_proportional_x",-0.003356
20.052136,17.163213,state,track,"reticle, cursor_proportional_x",-0.001764
20.084795,17.196267,state,track,"reticle, cursor_proportional_x",-0.000178
20.117574,17.229447,state,track,"reticle, cursor_proportional_x",0.001402
20.151969,17.263257,state,track,"reticle, cursor_proportional_x",-0.003453
20.18517,17.296642,state,track,"reticle, cursor_proportional_x",-0.001884
20.219086,17.330019,state,track,"reticle, cursor_proportional_x",-0.000321
20.251677,17.362917,state,track,"reticle, cursor_proportional_x",0.001237
20.285007,17.39655,state,track,"reticle, cursor_proportional_x",-0.003641
20.31743,17.429384,state,track,"reticle, cursor_proportional_x",-0.002094
20.35157,17.462689,state,track,"reticle, cursor_proportional_x",-0.000553
20.384417,17.496113,state,track,"reticle, cursor_proportional_x",0.000983
20.41826,17.529954,state,track,"reticle, cursor_proportional_x",-0.003917
20.450873,17.562725,state,track,"reticle, cursor_proportional_x",-0.002392
20.484347,17.595969,state,track,"reticle, cursor_proportional_x",-0.000873
20.517781,17.629195,state,track,"reticle, cursor_proportional_x",0.000641
20.551314,17.662887,state,track,"reticle, cursor_proportional_x",-0.00428
20.584433,17.695923,state,track,"reticle, cursor_proportional_x",-0.002776
20.617883,17.729477,state,track,"reticle, cursor_proportional_x",-0.001277
20.650713,17.76256,state,track,"reticle, cursor_proportional_x",0.000216
20.684078,17.795857,state,track,"reticle, cursor_proportional_x",-0.004725
20.717448,17.829249,state,track,"reticle, cursor_proportional_x",-0.003242
20.750971,17.862639,state,track,"reticle, cursor_proportional_x",-0.001763
20.784408,17.895999,state,track,"reticle, cursor_proportional_x",-0.00029
20.817442,17.929264,state,track,"reticle, cursor_proportional_x",0.001179
20.851646,17.962775,state,track,"reticle, cursor_proportional_x",-0.003787
20.883946,17.995774,state,track,"reticle, cursor_proportional_x",-0.002328
20.917609,18.029427,state,track,"reticle, cursor_proportional_x",-0.000874
20.950575,18.062473,state,track,"reticle, cursor_proportional_x",0.000576
20.984104,18.095861,state,track,"reticle, cursor_proportional_x",-0.00441
21.017962,18.129117,state,track,"reticle, cursor_proportional_x",-0.00297
21.051049,18.162547,state,track,"reticle, cursor_proportional_x",-0.001534
21.084496,18.195892,state,track,"reticle, cursor_proportional_x",-0.000103
21.117638,18.229515,state,track,"reticle, cursor_proportional_x",0.001324
21.150961,18.262768,state,track,"reticle, cursor_proportional_x",-0.003684
21.184296,18.295668,state,track,"reticle, cursor_proportional_x",-0.002266
21.217667,18.329261,state,track,"reticle, cursor_proportional_x",-0.000853
21.251504,18.362494,state,track,"reticle, cursor_proportional_x",0.000556
21.284445,18.39579,state,track,"reticle, cursor_proportional_x",-0.004469
21.31786,18.429311,state,track,"reticle, cursor_proportional_x",-0.003069
21.351381,18.463036,state,track,"reticle, cursor_proportional_x",-0.001673
21.385195,18.496276,state,track,"reticle, cursor_proportional_x",-0.00028
21.417883,18.529324,state,track,"reticle, cursor_proportional_x",0.001108
21.452073,18.562813,state,track,"reticle, cursor_proportional_x",-0.003938
21.485218,18.596088,state,track,"reticle, cursor_proportional_x",-0.002558
21.518013,18.629144,state,track,"reticle, cursor_proportional_x",-0.001182
21.550771,18.662352,state,track,"reticle, cursor_proportional_x",0.00019
21.584181,18.695623,state,track,"reticle, cursor_proportional_x",-0.004872
21.616955,18.728881,state,track,"reticle, cursor_proportional_x",-0.003507
21.65063,18.762214,state,track,"reticle, cursor_proportional_x",-0.002146
21.683918,18.795733,state,track,"reticle, cursor_proportional_x",-0.000789
21.717422,18.82907,state,track,"reticle, cursor_proportional_x",0.000564
21.750847,18.862259,state,track,"reticle, cursor_proportional_x",-0.004516
21.784237,18.895808,state,track,"reticle, cursor_proportional_x",-0.00317
21.817603,18.929261,state,track,"reticle, cursor_proportional_x",-0.001828
21.851981,18.964261,state,track,"reticle, cursor_proportional_x",-0.000488
21.883595,18.995489,state,track,"reticle, cursor_proportional_x",0.000847
21.918367,19.028808,state,track,"reticle, cursor_proportional_x",-0.004251
21.952086,19.063996,state,track,"reticle, cursor_proportional_x",-0.002922
21.983759,19.095732,state,track,"reticle, cursor_proportional_x",-0.001596
22.017216,19.128882,state,track,"reticle, cursor_proportional_x",-0.000274
22.050975,19.162538,state,track,"reticle, cursor_proportional_x",0.001045
22.083888,19.195656,state,track,"reticle, cursor_proportional_x",-0.004069
22.117479,19.228872,state,track,"reticle, cursor_proportional_x",-0.002756
22.149973,19.262041,state,track,"reticle, cursor_proportional_x",-0.001446
22.818252,19.297614,state,track,"reticle, cursor_proportional_x",-0.000139
