4.282083,0.297601,input,track,joystick_y,0
4.298843,0.3331,input,track,joystick_y,0
4.358228,0.390163,input,track,joystick_y,0
4.438672,0.471008,input,track,joystick_y,0
4.515745,0.544428,input,track,joystick_y,0
4.533182,0.566251,input,track,joystick_y,0
5.425525,0.624328,input,track,joystick_y,0
5.449532,0.649008,input,track,joystick_y,0
5.482973,0.682882,input,track,joystick_y,0
5.516268,0.716206,input,track,joystick_y,0
5.934625,1.132319,input,track,joystick_y,0
5.966825,1.166433,input,track,joystick_y,0
6.000179,1.199965,input,track,joystick_y,0
6.033074,1.233105,input,track,joystick_y,0
6.066479,1.266538,input,track,joystick_y,0
6.099933,1.299788,input,track,joystick_y,0
6.133261,1.332889,input,track,joystick_y,0
6.166023,1.366047,input,track,joystick_y,0
6.200646,1.40017,input,track,joystick_y,0
6.234147,1.434032,input,track,joystick_y,-0.25
6.267949,1.467597,input,track,joystick_y,-0.5
6.299914,1.499999,input,track,joystick_y,-1.0
6.333574,1.533282,input,track,joystick_y,-1.0
6.365926,1.566078,input,track,joystick_y,-1.0
6.399191,1.599329,input,track,joystick_y,-1.0
6.432558,1.632566,input,track,joystick_y,-1.0
6.466327,1.666499,input,track,joystick_y,-1.0
6.499756,1.699861,input,track,joystick_y,-1.25
6.532661,1.732685,input,track,joystick_y,-1.25
6.566158,1.766072,input,track,joystick_y,-1.25
6.599502,1.79954,input,track,joystick_y,-1.25
6.632543,1.832704,input,track,joystick_y,-1.25
6.665745,1.865862,input,track,joystick_y,-1.25
6.698849,1.899099,input,track,joystick_y,-1.25
6.732622,1.932472,input,track,joystick_y,-1.25
6.766904,1.966358,input,track,joystick_y,-1.0
6.799543,1.999157,input,track,joystick_y,-1.0
6.832285,2.032448,input,track,joystick_y,-1.0
6.866244,2.065737,input,track,joystick_y,-1.0
6.899599,2.099379,input,track,joystick_y,-1.0
6.932898,2.132742,input,track,joystick_y,-1.0
6.966305,2.16597,input,track,joystick_y,-1.0
6.99906,2.199053,input,track,joystick_y,-1.0
7.033042,2.232904,input,track,joystick_y,-1.0
7.065657,2.265746,input,track,joystick_y,-1.0
7.10296,2.299201,input,track,joystick_y,-1.0
7.133433,2.333111,input,track,joystick_y,-1.0
7.167125,2.366073,input,track,joystick_y,-1.0
7.200122,2.400049,input,track,joystick_y,-1.0
7.232857,2.432853,input,track,joystick_y,-0.75
7.266167,2.466016,input,track,joystick_y,-0.75
7.299162,2.499229,input,track,joystick_y,-0.75
7.332487,2.532409,input,track,joystick_y,-0.75
7.36584,2.565801,input,track,joystick_y,-0.75
7.398884,2.598906,input,track,joystick_y,-0.75
7.43242,2.632236,input,track,joystick_y,-0.75
7.465664,2.665662,input,track,joystick_y,-0.75
7.499795,2.699679,input,track,joystick_y,-0.75
7.532645,2.73227,input,track,joystick_y,-0.75
7.565878,2.765773,input,track,joystick_y,-0.75
7.599767,2.798962,input,track,joystick_y,-0.75
7.632451,2.832359,input,track,joystick_y,-0.75
7.665706,2.865524,input,track,joystick_y,-0.75
7.698994,2.898997,input,track,joystick_y,-0.75
7.732954,2.932396,input,track,joystick_y,-0.75
7.766252,2.965802,input,track,joystick_y,-0.75
7.798905,2.998775,input,track,joystick_y,-0.75
7.832273,3.032325,input,track,joystick_y,-0.75
7.865259,3.065292,input,track,joystick_y,-0.75
7.899267,3.099153,input,track,joystick_y,-0.75
7.932486,3.132156,input,track,joystick_y,-0.75
7.965537,3.165519,input,track,joystick_y,-0.75
7.998756,3.198738,input,track,joystick_y,-0.75
8.032853,3.232212,input,track,joystick_y,-0.75
8.065489,3.265366,input,track,joystick_y,-0.75
8.098885,3.298732,input,track,joystick_y,-0.75
8.132157,3.332004,input,track,joystick_y,-0.75
8.165904,3.365746,input,track,joystick_y,-0.75
8.199243,3.399087,input,track,joystick_y,-0.75
8.232282,3.432206,input,track,joystick_y,-0.75
8.266006,3.465563,input,track,joystick_y,-0.75
8.299134,3.499052,input,track,joystick_y,-0.75
8.332354,3.532345,input,track,joystick_y,-0.75
8.365644,3.565644,input,track,joystick_y,-0.75
8.398551,3.598591,input,track,joystick_y,-0.75
8.431829,3.631865,input,track,joystick_y,-0.75
8.465491,3.665294,input,track,joystick_y,-0.75
8.49847,3.698543,input,track,joystick_y,-0.75
8.531778,3.731833,input,track,joystick_y,-0.75
8.565368,3.765204,input,track,joystick_y,-0.75
8.598777,3.798704,input,track,joystick_y,-0.75
8.631823,3.831827,input,track,joystick_y,-0.75
8.665396,3.865166,input,track,joystick_y,-0.75
8.698726,3.898866,input,track,joystick_y,-0.75
8.731982,3.93204,input,track,joystick_y,-0.75
8.765415,3.965134,input,track,joystick_y,-0.75
8.79956,3.99845,input,track,joystick_y,-0.75
8.83194,4.0318,input,track,joystick_y,-0.75
8.865253,4.065223,input,track,joystick_y,-0.75
8.898715,4.098358,input,track,joystick_y,-0.75
8.932298,4.131803,input,track,joystick_y,-0.75
8.965408,4.165257,input,track,joystick_y,-0.75
8.998412,4.198448,input,track,joystick_y,-0.75
9.031811,4.231755,input,track,joystick_y,-0.75
9.065209,4.2651,input,track,joystick_y,-0.75
9.099303,4.298347,input,track,joystick_y,-0.75
9.13177,4.33162,input,track,joystick_y,-0.75
9.165116,4.365082,input,track,joystick_y,-0.75
9.198636,4.398413,input,track,joystick_y,-0.75
9.232088,4.431851,input,track,joystick_y,-0.75
9.265067,4.464964,input,track,joystick_y,-0.75
9.298235,4.498246,input,track,joystick_y,-0.75
9.332512,4.531819,input,track,joystick_y,-0.75
9.36541,4.565428,input,track,joystick_y,-0.75
9.398736,4.598488,input,track,joystick_y,-0.75
9.433251,4.632775,input,track,joystick_y,-0.75
9.466203,4.665826,input,track,joystick_y,-0.75
9.498477,4.698492,input,track,joystick_y,-0.75
9.531251,4.731428,input,track,joystick_y,-0.75
9.564409,4.764687,input,track,joystick_y,-0.75
9.598185,4.798033,input,track,joystick_y,-0.75
9.631245,4.831378,input,track,joystick_y,-0.75
9.664506,4.864685,input,track,joystick_y,-0.75
9.697745,4.897984,input,track,joystick_y,-0.75
9.73146,4.931364,input,track,joystick_y,-0.75
9.765194,4.96483,input,track,joystick_y,-0.75
9.797914,4.998033,input,track,joystick_y,-0.75
9.831249,5.031319,input,track,joystick_y,-0.75
9.864483,5.064642,input,track,joystick_y,-0.75
9.898058,5.097901,input,track,joystick_y,-0.75
9.931113,5.131238,input,track,joystick_y,-0.75
9.964663,5.164537,input,track,joystick_y,-0.75
9.997768,5.197925,input,track,joystick_y,-0.75
10.031514,5.231329,input,track,joystick_y,-0.5
10.064677,5.264751,input,track,joystick_y,-0.5
10.098149,5.298001,input,track,joystick_y,-0.5
10.131238,5.33122,input,track,joystick_y,-0.5
10.164806,5.364511,input,track,joystick_y,-0.5
10.197623,5.397834,input,track,joystick_y,-0.5
10.230986,5.431159,input,track,joystick_y,-0.5
10.265271,5.464456,input,track,joystick_y,-0.5
10.298597,5.497922,input,track,joystick_y,-0.5
10.331117,5.531233,input,track,joystick_y,-0.5
10.364249,5.564392,input,track,joystick_y,-0.5
10.398385,5.597827,input,track,joystick_y,-0.5
10.43209,5.631615,input,track,joystick_y,-0.5
10.464278,5.664382,input,track,joystick_y,-0.5
10.498147,5.698071,input,track,joystick_y,-0.5
10.531686,5.731423,input,track,joystick_y,-0.5
10.565292,5.765082,input,track,joystick_y,-0.5
10.598877,5.798153,input,track,joystick_y,-0.5
10.630901,5.831004,input,track,joystick_y,-0.5
10.66481,5.864325,input,track,joystick_y,-0.5
10.697598,5.897709,input,track,joystick_y,-0.5
10.730901,5.930924,input,track,joystick_y,-0.5
10.764458,5.964268,input,track,joystick_y,-0.5
10.797939,5.998,input,track,joystick_y,-0.5
10.830903,6.031004,input,track,joystick_y,-0.5
10.864291,6.064326,input,track,joystick_y,-0.5
10.897801,6.097743,input,track,joystick_y,-0.5
10.931722,6.131088,input,track,joystick_y,-0.5
10.964632,6.164683,input,track,joystick_y,-0.5
10.998769,6.198739,input,track,joystick_y,-0.5
11.031934,6.231836,input,track,joystick_y,-0.5
11.06503,6.264891,input,track,joystick_y,-0.5
11.098875,6.298582,input,track,joystick_y,-0.5
11.136579,6.333085,input,track,joystick_y,-0.25
11.164404,6.364397,input,track,joystick_y,-0.25
11.197439,6.397566,input,track,joystick_y,0.0
11.231274,6.431399,input,track,joystick_y,0.0
11.266341,6.465225,input,track,joystick_y,0.0
11.300702,6.500416,input,track,joystick_y,0.5
11.333886,6.532484,input,track,joystick_y,1.0
11.365892,6.566105,input,track,joystick_y,1.0
11.39822,6.598527,input,track,joystick_y,1.0
11.43146,6.6307,input,track,joystick_y,1.0
11.464012,6.664221,input,track,joystick_y,1.0
11.498525,6.697931,input,track,joystick_y,1.0
11.530458,6.730699,input,track,joystick_y,1.0
11.564449,6.764695,input,track,joystick_y,1.0
11.599597,6.798616,input,track,joystick_y,1.0
11.63237,6.831482,input,track,joystick_y,0.75
11.664754,6.865024,input,track,joystick_y,0.0
11.698414,6.898603,input,track,joystick_y,-1.0
11.730895,6.931058,input,track,joystick_y,-1.5
11.76455,6.964493,input,track,joystick_y,-2.0
11.797925,6.997885,input,track,joystick_y,-2.0
11.830754,7.030598,input,track,joystick_y,-2.0
11.86386,7.063926,input,track,joystick_y,-2.0
11.897001,7.097204,input,track,joystick_y,-2.0
11.931235,7.130618,input,track,joystick_y,-2.0
11.96393,7.163949,input,track,joystick_y,-2.0
11.997029,7.197239,input,track,joystick_y,-2.0
12.030721,7.230526,input,track,joystick_y,-2.0
12.063963,7.263829,input,track,joystick_y,-2.0
12.097244,7.297197,input,track,joystick_y,-2.0
12.131278,7.330546,input,track,joystick_y,-1.75
12.163774,7.363805,input,track,joystick_y,-1.75
12.197489,7.397205,input,track,joystick_y,-1.75
12.230584,7.430687,input,track,joystick_y,-1.75
12.265183,7.464453,input,track,joystick_y,-1.5
12.298634,7.497698,input,track,joystick_y,-1.5
12.330683,7.530797,input,track,joystick_y,-1.5
12.363773,7.563853,input,track,joystick_y,-1.5
12.397317,7.597288,input,track,joystick_y,-1.25
12.430568,7.63038,input,track,joystick_y,-1.25
12.464372,7.664306,input,track,joystick_y,-1.0
12.498767,7.698747,input,track,joystick_y,-1.0
12.5316,7.731093,input,track,joystick_y,-0.75
12.563924,7.763763,input,track,joystick_y,-0.75
12.596918,7.796966,input,track,joystick_y,-0.75
12.630453,7.830376,input,track,joystick_y,-0.75
12.663638,7.86373,input,track,joystick_y,-0.75
12.69715,7.896917,input,track,joystick_y,-0.75
12.730758,7.930728,input,track,joystick_y,-0.75
12.764163,7.964013,input,track,joystick_y,-0.75
12.797278,7.997282,input,track,joystick_y,-0.75
12.830933,8.03087,input,track,joystick_y,-0.75
12.863903,8.063877,input,track,joystick_y,-0.75
12.896814,8.096874,input,track,joystick_y,-0.75
12.930294,8.130189,input,track,joystick_y,-0.75
12.963942,8.163773,input,track,joystick_y,-0.75
12.99719,8.197193,input,track,joystick_y,-0.75
13.030146,8.230259,input,track,joystick_y,-0.75
13.063441,8.263487,input,track,joystick_y,-0.75
13.096999,8.296909,input,track,joystick_y,-0.75
13.130185,8.330141,input,track,joystick_y,-0.75
13.163275,8.363431,input,track,joystick_y,-0.75
13.196704,8.396819,input,track,joystick_y,-0.75
13.230454,8.430383,input,track,joystick_y,-0.75
13.264582,8.464276,input,track,joystick_y,-0.75
13.296674,8.496792,input,track,joystick_y,-0.75
13.331529,8.530614,input,track,joystick_y,-0.75
13.363378,8.563437,input,track,joystick_y,-0.75
13.396794,8.596697,input,track,joystick_y,-0.75
13.430605,8.630571,input,track,joystick_y,-0.75
13.463176,8.663356,input,track,joystick_y,-0.75
13.496642,8.696716,input,track,joystick_y,-0.75
13.531494,8.731058,input,track,joystick_y,-0.75
13.563232,8.763376,input,track,joystick_y,-0.75
13.598336,8.798163,input,track,joystick_y,-0.75
13.62996,8.829948,input,track,joystick_y,-0.75
13.663264,8.863333,input,track,joystick_y,-0.75
13.696448,8.896593,input,track,joystick_y,-0.75
13.729755,8.929902,input,track,joystick_y,-0.5
13.763334,8.963268,input,track,joystick_y,-0.5
13.797144,8.996675,input,track,joystick_y,-0.25
13.83076,9.030539,input,track,joystick_y,0.0
13.864812,9.064205,input,track,joystick_y,0.25
13.897932,9.097651,input,track,joystick_y,0.75
13.931579,9.131416,input,track,joystick_y,1.5
13.964194,9.16411,input,track,joystick_y,2.0
13.997089,9.19701,input,track,joystick_y,2.75
14.030651,9.230351,input,track,joystick_y,3.0
14.063901,9.26381,input,track,joystick_y,3.75
14.097732,9.29738,input,track,joystick_y,3.75
14.129651,9.32978,input,track,joystick_y,4.0
14.163516,9.363157,input,track,joystick_y,4.0
14.196335,9.396491,input,track,joystick_y,4.0
14.230051,9.429971,input,track,joystick_y,4.0
14.263167,9.463046,input,track,joystick_y,4.0
14.297211,9.496952,input,track,joystick_y,3.75
14.329706,9.529817,input,track,joystick_y,3.5
14.363876,9.56362,input,track,joystick_y,3.25
14.396297,9.596351,input,track,joystick_y,3.25
14.430361,9.629977,input,track,joystick_y,3.0
14.463434,9.663527,input,track,joystick_y,2.75
14.496327,9.696397,input,track,joystick_y,2.5
14.53045,9.730178,input,track,joystick_y,2.25
14.563005,9.763064,input,track,joystick_y,2.0
14.59648,9.796309,input,track,joystick_y,2.0
14.629776,9.829832,input,track,joystick_y,2.0
14.663666,9.863506,input,track,joystick_y,1.75
14.696859,9.896823,input,track,joystick_y,1.0
14.730668,9.930106,input,track,joystick_y,0.75
14.763945,9.963567,input,track,joystick_y,0.25
14.796448,9.996292,input,track,joystick_y,0.25
14.829992,10.029896,input,track,joystick_y,0.0
14.86307,10.063068,input,track,joystick_y,0.0
14.897695,10.097482,input,track,joystick_y,0.0
14.930882,10.130601,input,track,joystick_y,0.0
14.963369,10.163225,input,track,joystick_y,0.0
14.997459,10.197238,input,track,joystick_y,0.0
15.031711,10.231494,input,track,joystick_y,0.0
15.063382,10.263425,input,track,joystick_y,0.0
15.09664,10.29652,input,track,joystick_y,0.0
15.129459,10.329573,input,track,joystick_y,0.0
15.167072,10.363685,input,track,joystick_y,0.0
15.197924,10.397044,input,track,joystick_y,0.0
15.230113,10.430132,input,track,joystick_y,0.0
15.263034,10.463069,input,track,joystick_y,0.0
15.296873,10.496874,input,track,joystick_y,0.0
15.330291,10.530309,input,track,joystick_y,0.0
15.363328,10.563394,input,track,joystick_y,0.0
15.39646,10.596095,input,track,joystick_y,0.0
15.429427,10.629481,input,track,joystick_y,0.0
15.463571,10.663293,input,track,joystick_y,0.0
15.497216,10.696941,input,track,joystick_y,0.0
15.529237,10.729301,input,track,joystick_y,0.0
15.562544,10.762628,input,track,joystick_y,0.0
15.596442,10.7964,input,track,joystick_y,0.0
15.629934,10.829309,input,track,joystick_y,0.0
15.662612,10.862606,input,track,joystick_y,0.0
15.696136,10.896358,input,track,joystick_y,0.0
15.729956,10.930046,input,track,joystick_y,0.0
15.762745,10.962616,input,track,joystick_y,0.0
15.795934,10.99589,input,track,joystick_y,0.0
15.829885,11.029418,input,track,joystick_y,0.0
15.863226,11.062707,input,track,joystick_y,0.0
15.897173,11.096461,input,track,joystick_y,0.25
15.929351,11.129162,input,track,joystick_y,0.25
15.963781,11.163344,input,track,joystick_y,0.25
15.99578,11.195891,input,track,joystick_y,0.25
16.029117,11.229241,input,track,joystick_y,0.25
16.062428,11.262466,input,track,joystick_y,0.25
16.095862,11.295781,input,track,joystick_y,0.25
16.130476,11.330195,input,track,joystick_y,0.25
16.163002,11.362883,input,track,joystick_y,0.25
16.196088,11.396061,input,track,joystick_y,0.25
16.230099,11.430115,input,track,joystick_y,0.25
16.263013,11.462838,input,track,joystick_y,0.25
16.295666,11.495691,input,track,joystick_y,0.25
16.328993,11.529023,input,track,joystick_y,0.25
16.362457,11.56235,input,track,joystick_y,0.25
16.395592,11.595673,input,track,joystick_y,0.25
16.429062,11.628975,input,track,joystick_y,0.25
16.462807,11.662342,input,track,joystick_y,0.25
16.495675,11.69578,input,track,joystick_y,0.25
16.528829,11.728969,input,track,joystick_y,0.25
16.563019,11.762339,input,track,joystick_y,0.25
16.596093,11.795715,input,track,joystick_y,0.25
16.629503,11.82908,input,track,joystick_y,0.25
16.662504,11.862313,input,track,joystick_y,0.25
16.695462,11.895589,input,track,joystick_y,0.25
16.729133,11.928994,input,track,joystick_y,0.25
16.762247,11.962288,input,track,joystick_y,0.25
16.795623,11.995612,input,track,joystick_y,0.25
16.829004,12.028985,input,track,joystick_y,0.25
16.862179,12.062218,input,track,joystick_y,0.25
16.895899,12.095509,input,track,joystick_y,0.25
16.928752,12.128792,input,track,joystick_y,0.25
16.962054,12.162165,input,track,joystick_y,0.25
16.9955,12.195482,input,track,joystick_y,0.25
17.028847,12.228882,input,track,joystick_y,0.25
17.063102,12.262161,input,track,joystick_y,0.25
17.095475,12.295437,input,track,joystick_y,0.25
17.128739,12.328707,input,track,joystick_y,0.25
17.162277,12.362344,input,track,joystick_y,0.25
17.195377,12.395403,input,track,joystick_y,0.25
17.229049,12.4287,input,track,joystick_y,0.25
17.264087,12.46355,input,track,joystick_y,0.25
17.295956,12.49584,input,track,joystick_y,0.25
17.328996,12.529054,input,track,joystick_y,0.25
17.362329,12.562301,input,track,joystick_y,0.25
17.395421,12.595384,input,track,joystick_y,0.25
17.429912,12.629665,input,track,joystick_y,0.25
17.461766,12.661933,input,track,joystick_y,0.25
17.495258,12.695323,input,track,joystick_y,0.25
17.529975,12.729391,input,track,joystick_y,0.25
17.561961,12.762035,input,track,joystick_y,0.25
17.595439,12.795336,input,track,joystick_y,0.25
17.629686,12.829519,input,track,joystick_y,0.25
17.6622,12.86211,input,track,joystick_y,0.25
17.695156,12.895316,input,track,joystick_y,0.25
17.728502,12.928549,input,track,joystick_y,0.25
17.761903,12.961855,input,track,joystick_y,0.25
17.795224,12.995257,input,track,joystick_y,0.25
17.828517,13.028572,input,track,joystick_y,0.25
17.862614,13.062002,input,track,joystick_y,0.25
17.895116,13.095171,input,track,joystick_y,0.25
17.929499,13.129267,input,track,joystick_y,0.25
17.962256,13.161832,input,track,joystick_y,0.25
17.995308,13.19517,input,track,joystick_y,0.25
18.030213,13.229873,input,track,joystick_y,0.25
18.061657,13.261753,input,track,joystick_y,0.25
18.095389,13.295267,input,track,joystick_y,0.25
18.12864,13.328613,input,track,joystick_y,0.25
18.161699,13.361716,input,track,joystick_y,0.25
18.194928,13.395016,input,track,joystick_y,0.25
18.228235,13.428405,input,track,joystick_y,0.25
18.2619,13.461767,input,track,joystick_y,0.25
18.295261,13.495028,input,track,joystick_y,0.25
18.328162,13.528328,input,track,joystick_y,0.25
18.362286,13.562158,input,track,joystick_y,0.5
18.397412,13.596698,input,track,joystick_y,0.75
18.429016,13.628829,input,track,joystick_y,0.75
18.462037,13.661921,input,track,joystick_y,0.75
18.49545,13.695591,input,track,joystick_y,0.75
18.528188,13.728299,input,track,joystick_y,0.75
18.561697,13.761654,input,track,joystick_y,0.75
18.594983,13.794951,input,track,joystick_y,0.75
18.629232,13.829086,input,track,joystick_y,0.75
18.661673,13.861668,input,track,joystick_y,0.75
18.696114,13.896016,input,track,joystick_y,0.75
18.728154,13.928289,input,track,joystick_y,0.75
18.761459,13.961522,input,track,joystick_y,0.75
18.794812,13.994845,input,track,joystick_y,0.75
18.828697,14.028268,input,track,joystick_y,0.75
18.862841,14.062426,input,track,joystick_y,0.75
18.896166,14.095628,input,track,joystick_y,0.75
18.928445,14.128275,input,track,joystick_y,0.75
18.961338,14.161508,input,track,joystick_y,0.75
18.9947,14.194795,input,track,joystick_y,0.75
19.028597,14.228167,input,track,joystick_y,0.75
19.061347,14.261389,input,track,joystick_y,0.75
19.094792,14.294752,input,track,joystick_y,0.75
19.128019,14.328069,input,track,joystick_y,0.75
19.161312,14.361367,input,track,joystick_y,0.75
19.196569,14.394845,input,track,joystick_y,0.75
19.227868,14.428008,input,track,joystick_y,0.75
19.261908,14.46141,input,track,joystick_y,0.75
19.295575,14.495098,input,track,joystick_y,0.75
19.328195,14.528002,input,track,joystick_y,0.75
19.361593,14.561325,input,track,joystick_y,0.75
19.39485,14.594736,input,track,joystick_y,0.75
19.4285,14.628205,input,track,joystick_y,0.75
19.462068,14.661686,input,track,joystick_y,0.75
19.494437,14.694567,input,track,joystick_y,0.75
19.528511,14.728369,input,track,joystick_y,0.75
19.561588,14.761346,input,track,joystick_y,0.75
19.595369,14.795373,input,track,joystick_y,0.75
19.628076,14.828227,input,track,joystick_y,0.75
19.661059,14.861228,input,track,joystick_y,0.75
19.694877,14.894678,input,track,joystick_y,0.75
19.728414,14.928084,input,track,joystick_y,0.75
19.761713,14.961422,input,track,joystick_y,0.75
19.794405,14.994509,input,track,joystick_y,0.75
19.827822,15.027812,input,track,joystick_y,0.75
19.861566,15.061455,input,track,joystick_y,0.75
19.894759,15.094433,input,track,joystick_y,0.75
19.927836,15.127778,input,track,joystick_y,0.75
19.961234,15.161163,input,track,joystick_y,0.75
19.994377,15.19454,input,track,joystick_y,0.75
20.027744,15.227761,input,track,joystick_y,0.75
20.0609,15.261075,input,track,joystick_y,0.75
20.095076,15.294471,input,track,joystick_y,0.75
20.127857,15.327858,input,track,joystick_y,0.75
20.161071,15.361036,input,track,joystick_y,0.75
20.194453,15.394374,input,track,joystick_y,0.75
20.227936,15.427829,input,track,joystick_y,0.75
20.261125,15.46108,input,track,joystick_y,0.75
20.29426,15.494339,input,track,joystick_y,0.75
20.327504,15.527632,input,track,joystick_y,0.75
20.361487,15.561428,input,track,joystick_y,0.75
20.394239,15.594289,input,track,joystick_y,0.75
20.427712,15.627609,input,track,joystick_y,0.75
20.461262,15.661242,input,track,joystick_y,0.75
20.494275,15.69425,input,track,joystick_y,0.75
20.528132,15.727692,input,track,joystick_y,0.75
20.560806,15.760914,input,track,joystick_y,0.75
20.596108,15.795776,input,track,joystick_y,0.75
20.627744,15.82754,input,track,joystick_y,0.75
20.661807,15.861569,input,track,joystick_y,0.75
20.694745,15.894378,input,track,joystick_y,0.75
20.732803,15.931774,input,track,joystick_y,0.75
20.761903,15.961801,input,track,joystick_y,0.75
20.794625,15.994673,input,track,joystick_y,0.75
20.827724,16.027761,input,track,joystick_y,0.75
20.86166,16.061576,input,track,joystick_y,0.75
20.894298,16.094395,input,track,joystick_y,0.75
20.92849,16.128283,input,track,joystick_y,0.75
20.96095,16.161027,input,track,joystick_y,0.75
20.994207,16.194361,input,track,joystick_y,0.75
21.027539,16.22766,input,track,joystick_y,0.75
21.061144,16.26119,input,track,joystick_y,0.75
21.094712,16.294358,input,track,joystick_y,0.75
21.128698,16.328332,input,track,joystick_y,0.75
21.162872,16.362741,input,track,joystick_y,0.75
21.199571,16.396937,input,track,joystick_y,0.75
21.230185,16.429718,input,track,joystick_y,0.75
21.263027,16.462802,input,track,joystick_y,0.75
21.29619,16.496254,input,track,joystick_y,0.75
21.329052,16.529325,input,track,joystick_y,0.75
21.361759,16.561736,input,track,joystick_y,0.75
21.394095,16.594294,input,track,joystick_y,0.75
21.427996,16.627765,input,track,joystick_y,0.75
21.461441,16.661616,input,track,joystick_y,0.75
21.494379,16.694609,input,track,joystick_y,0.75
21.527306,16.727506,input,track,joystick_y,0.75
21.560694,16.760823,input,track,joystick_y,0.75
21.594398,16.794196,input,track,joystick_y,0.75
21.627536,16.827696,input,track,joystick_y,0.75
21.660771,16.860849,input,track,joystick_y,0.75
21.69389,16.894128,input,track,joystick_y,0.75
21.727485,16.927413,input,track,joystick_y,0.75
21.761342,16.960867,input,track,joystick_y,0.75
21.794934,16.994921,input,track,joystick_y,0.75
21.828055,17.027955,input,track,joystick_y,0.5
21.861298,17.061221,input,track,joystick_y,0.5
21.894368,17.094446,input,track,joystick_y,0.25
21.927995,17.127461,input,track,joystick_y,0.25
21.96199,17.161253,input,track,joystick_y,0.0
21.994301,17.19439,input,track,joystick_y,-0.25
22.027839,17.227852,input,track,joystick_y,-0.75
22.061287,17.261255,input,track,joystick_y,-1.0
22.094521,17.294128,input,track,joystick_y,-1.0
22.127501,17.327383,input,track,joystick_y,-1.0
22.160705,17.36079,input,track,joystick_y,-1.0
22.194989,17.394191,input,track,joystick_y,-1.0
22.227235,17.42724,input,track,joystick_y,-1.0
22.260718,17.460626,input,track,joystick_y,-1.0
22.293855,17.493945,input,track,joystick_y,-1.0
22.32749,17.527407,input,track,joystick_y,-1.0
22.360761,17.56058,input,track,joystick_y,-1.0
22.394221,17.59417,input,track,joystick_y,-1.0
22.428078,17.627782,input,track,joystick_y,-0.75
22.461357,17.661217,input,track,joystick_y,-0.5
22.494909,17.694719,input,track,joystick_y,0.0
22.527112,17.727263,input,track,joystick_y,0.0
22.560401,17.760564,input,track,joystick_y,0.0
22.594484,17.794289,input,track,joystick_y,0.25
22.628092,17.827213,input,track,joystick_y,0.25
22.660442,17.860522,input,track,joystick_y,0.25
22.693809,17.893918,input,track,joystick_y,0.25
22.727951,17.927629,input,track,joystick_y,0.25
22.760701,17.960561,input,track,joystick_y,0.25
22.793656,17.993759,input,track,joystick_y,0.25
22.826962,18.027043,input,track,joystick_y,0.25
22.860371,18.060427,input,track,joystick_y,0.25
22.89395,18.094065,input,track,joystick_y,0.25
22.927972,18.127624,input,track,joystick_y,0.25
22.961172,18.160966,input,track,joystick_y,0.25
22.993928,18.193949,input,track,joystick_y,0.25
23.026792,18.226983,input,track,joystick_y,0.25
23.060667,18.260371,input,track,joystick_y,0.25
23.09372,18.293632,input,track,joystick_y,0.25
23.126909,18.326977,input,track,joystick_y,0.25
23.160232,18.360281,input,track,joystick_y,0.25
23.193722,18.39368,input,track,joystick_y,0.25
23.227015,18.427185,input,track,joystick_y,0.25
23.260217,18.460215,input,track,joystick_y,0.25
23.293482,18.493537,input,track,joystick_y,0.25
23.327624,18.527504,input,track,joystick_y,0.25
23.360167,18.560216,input,track,joystick_y,0.25
23.393501,18.593507,input,track,joystick_y,0.25
23.427187,18.626889,input,track,joystick_y,0.25
23.460752,18.660507,input,track,joystick_y,0.25
23.495067,18.694494,input,track,joystick_y,0.25
23.526901,18.726935,input,track,joystick_y,0.25
23.55981,18.759922,input,track,joystick_y,0.25
23.593252,18.793328,input,track,joystick_y,0.25
23.627352,18.826536,input,track,joystick_y,0.25
23.659708,18.859814,input,track,joystick_y,0.25
23.693092,18.893126,input,track,joystick_y,0.25
23.726927,18.926938,input,track,joystick_y,0.25
23.760062,18.959912,input,track,joystick_y,0.25
23.793035,18.993125,input,track,joystick_y,0.25
23.826359,19.026425,input,track,joystick_y,0.25
23.859627,19.059808,input,track,joystick_y,0.25
23.893347,19.093192,input,track,joystick_y,0.25
23.927071,19.12645,input,track,joystick_y,0.25
23.959749,19.159719,input,track,joystick_y,0.25
23.993144,19.193147,input,track,joystick_y,0.25
24.02644,19.226558,input,track,joystick_y,0.25
24.060247,19.2601,input,track,joystick_y,0.25
24.09353,19.293196,input,track,joystick_y,0.25
24.127207,19.326726,input,track,joystick_y,0.25
24.159587,19.359717,input,track,joystick_y,0.25
24.192864,19.392948,input,track,joystick_y,0.25
24.226231,19.426316,input,track,joystick_y,0.25
24.259704,19.459594,input,track,joystick_y,0.25
24.293136,19.493169,input,track,joystick_y,0.25
24.326581,19.526409,input,track,joystick_y,0.25
24.35946,19.559586,input,track,joystick_y,0.25
24.392753,19.592875,input,track,joystick_y,0.25
24.426395,19.626303,input,track,joystick_y,0.25
24.459498,19.659521,input,track,joystick_y,0.25
24.492805,19.692854,input,track,joystick_y,0.25
24.526915,19.726698,input,track,joystick_y,0.25
24.561062,19.76075,input,track,joystick_y,0.25
24.59345,19.793438,input,track,joystick_y,0.25
24.626594,19.82669,input,track,joystick_y,0.25
24.65985,19.859968,input,track,joystick_y,0.25
24.693228,19.893299,input,track,joystick_y,0.25
24.726697,19.926816,input,track,joystick_y,0.25
24.760479,19.959963,input,track,joystick_y,0.25
24.793402,19.993273,input,track,joystick_y,0.25
44.853571,40.053073,input,track,joystick_y,0.75
44.88737,40.086437,input,track,joystick_y,0.75
44.921151,40.119968,input,track,joystick_y,0.75
44.952885,40.152745,input,track,joystick_y,0.75
44.986602,40.186244,input,track,joystick_y,0.75
45.020271,40.219482,input,track,joystick_y,0.75
45.054477,40.254024,input,track,joystick_y,0.75
45.086511,40.286024,input,track,joystick_y,0.75
45.120391,40.319397,input,track,joystick_y,0.75
45.152897,40.352722,input,track,joystick_y,0.75
45.18641,40.386052,input,track,joystick_y,0.75
45.220034,40.419391,input,track,joystick_y,0.75
45.253474,40.452731,input,track,joystick_y,0.75
45.286719,40.486159,input,track,joystick_y,0.75
45.320264,40.519273,input,track,joystick_y,0.75
45.353113,40.552599,input,track,joystick_y,0.75
45.388143,40.58596,input,track,joystick_y,0.75
45.419906,40.619323,input,track,joystick_y,0.75
45.453977,40.652604,input,track,joystick_y,0.75
45.486638,40.685996,input,track,joystick_y,0.75
45.519862,40.719275,input,track,joystick_y,0.75
45.554513,40.75412,input,track,joystick_y,0.75
45.587885,40.787216,input,track,joystick_y,0.75
45.620338,40.820044,input,track,joystick_y,0.75
45.654205,40.853334,input,track,joystick_y,0.75
45.687226,40.886877,input,track,joystick_y,0.75
45.720507,40.920085,input,track,joystick_y,0.75
45.754635,40.954533,input,track,joystick_y,0.75
45.786429,40.985886,input,track,joystick_y,0.75
45.819486,41.019369,input,track,joystick_y,0.75
45.853508,41.052557,input,track,joystick_y,0.75
45.886392,41.085842,input,track,joystick_y,0.75
45.92043,41.119473,input,track,joystick_y,0.75
45.95475,41.154259,input,track,joystick_y,0.75
45.987826,41.18722,input,track,joystick_y,0.75
46.020953,41.220435,input,track,joystick_y,0.75
46.054226,41.253668,input,track,joystick_y,0.75
46.088014,41.287215,input,track,joystick_y,0.5
46.120291,41.319917,input,track,joystick_y,0.5
46.152884,41.352353,input,track,joystick_y,0.5
46.186738,41.385759,input,track,joystick_y,0.5
46.220197,41.419909,input,track,joystick_y,0.25
46.254161,41.453803,input,track,joystick_y,-0.5
46.288027,41.487335,input,track,joystick_y,-1.0
46.319853,41.519502,input,track,joystick_y,-1.25
46.353585,41.553224,input,track,joystick_y,-1.5
46.386785,41.586429,input,track,joystick_y,-1.5
46.420686,41.620305,input,track,joystick_y,-2.0
46.453701,41.653457,input,track,joystick_y,-2.0
46.486995,41.686736,input,track,joystick_y,-2.0
46.519831,41.7195,input,track,joystick_y,-2.25
46.553155,41.752503,input,track,joystick_y,-2.25
46.586596,41.785702,input,track,joystick_y,-2.25
46.620072,41.819647,input,track,joystick_y,-2.25
46.652842,41.852281,input,track,joystick_y,-2.25
46.686736,41.886342,input,track,joystick_y,-2.25
46.721732,41.920805,input,track,joystick_y,-2.25
46.753404,41.952782,input,track,joystick_y,-2.25
46.787869,41.987846,input,track,joystick_y,-2.25
46.819394,42.019079,input,track,joystick_y,-2.25
46.852641,42.052143,input,track,joystick_y,-2.25
46.886562,42.085587,input,track,joystick_y,-2.25
46.919873,42.118816,input,track,joystick_y,-2.25
46.952409,42.152154,input,track,joystick_y,-2.25
46.986143,42.185632,input,track,joystick_y,-2.25
47.018894,42.218672,input,track,joystick_y,-2.0
47.052689,42.252306,input,track,joystick_y,-2.0
47.085832,42.285399,input,track,joystick_y,-2.0
47.12009,42.319546,input,track,joystick_y,-2.0
47.153595,42.35274,input,track,joystick_y,-2.0
47.186195,42.385575,input,track,joystick_y,-2.0
47.220652,42.419514,input,track,joystick_y,-1.75
47.255326,42.455143,input,track,joystick_y,-1.5
47.286455,42.486095,input,track,joystick_y,-1.0
47.319706,42.519327,input,track,joystick_y,0.0
47.353844,42.552878,input,track,joystick_y,0.5
47.388002,42.586127,input,track,joystick_y,1.5
47.420155,42.619646,input,track,joystick_y,2.5
47.452973,42.652674,input,track,joystick_y,3.25
47.486384,42.685964,input,track,joystick_y,4.0
47.519841,42.719392,input,track,joystick_y,4.0
47.552921,42.752546,input,track,joystick_y,4.0
47.585388,42.785159,input,track,joystick_y,4.0
47.61966,42.819289,input,track,joystick_y,4.0
47.652356,42.851811,input,track,joystick_y,4.0
47.685599,42.885215,input,track,joystick_y,4.0
47.718986,42.918503,input,track,joystick_y,4.0
47.752726,42.951948,input,track,joystick_y,4.0
47.785623,42.985192,input,track,joystick_y,4.0
47.820206,43.019871,input,track,joystick_y,3.75
47.852954,43.052509,input,track,joystick_y,2.0
47.886207,43.085826,input,track,joystick_y,1.0
47.919935,43.119396,input,track,joystick_y,0.25
47.953311,43.153,input,track,joystick_y,0.0
47.985569,43.185079,input,track,joystick_y,-0.25
48.018733,43.218425,input,track,joystick_y,-0.5
48.052104,43.25169,input,track,joystick_y,-0.5
48.085807,43.285003,input,track,joystick_y,-0.5
48.118952,43.318534,input,track,joystick_y,-0.5
48.151994,43.351654,input,track,joystick_y,-0.5
48.186153,43.385059,input,track,joystick_y,-0.5
48.21984,43.419477,input,track,joystick_y,-0.5
48.252816,43.451905,input,track,joystick_y,-0.5
48.286167,43.485416,input,track,joystick_y,-0.5
48.319359,43.518796,input,track,joystick_y,-0.5
48.353414,43.551875,input,track,joystick_y,-0.5
48.386813,43.585527,input,track,joystick_y,-0.5
48.419266,43.618326,input,track,joystick_y,-0.5
48.451798,43.651519,input,track,joystick_y,-0.5
48.484994,43.684939,input,track,joystick_y,-0.5
48.519479,43.718679,input,track,joystick_y,-0.5
48.551884,43.751519,input,track,joystick_y,-0.5
48.585649,43.78499,input,track,joystick_y,-0.5
48.618545,43.818149,input,track,joystick_y,-0.5
48.651768,43.851582,input,track,joystick_y,-0.5
48.685323,43.884932,input,track,joystick_y,-0.5
48.718704,43.918179,input,track,joystick_y,-0.5
48.752126,43.951583,input,track,joystick_y,-0.5
48.78504,43.984866,input,track,joystick_y,-0.5
48.819437,44.018285,input,track,joystick_y,-0.5
48.85249,44.051437,input,track,joystick_y,-0.5
48.884925,44.084737,input,track,joystick_y,-0.5
48.918701,44.118129,input,track,joystick_y,-0.5
48.952017,44.151448,input,track,joystick_y,-0.5
48.986971,44.187066,input,track,joystick_y,-0.5
49.018278,44.21818,input,track,joystick_y,-0.5
49.052914,44.252165,input,track,joystick_y,-0.75
49.085494,44.28467,input,track,joystick_y,-0.75
49.118495,44.318031,input,track,joystick_y,-0.75
49.151772,44.351409,input,track,joystick_y,-0.75
49.184893,44.384647,input,track,joystick_y,-0.75
49.2184,44.418008,input,track,joystick_y,-0.75
49.252786,44.451331,input,track,joystick_y,-0.75
49.285186,44.484705,input,track,joystick_y,-0.75
49.319342,44.518967,input,track,joystick_y,-0.75
49.352846,44.552664,input,track,joystick_y,-0.75
49.38577,44.585375,input,track,joystick_y,-0.75
49.419861,44.619289,input,track,joystick_y,-0.75
49.453421,44.652164,input,track,joystick_y,-1.0
49.486326,44.685776,input,track,joystick_y,-1.0
49.519439,44.718853,input,track,joystick_y,-1.0
49.552273,44.751629,input,track,joystick_y,-1.0
49.585598,44.784701,input,track,joystick_y,-1.0
49.619289,44.818915,input,track,joystick_y,-1.0
49.651419,44.851145,input,track,joystick_y,-1.0
49.685076,44.884602,input,track,joystick_y,-1.0
49.718177,44.917823,input,track,joystick_y,-1.0
49.753418,44.953199,input,track,joystick_y,-1.0
49.784684,44.984523,input,track,joystick_y,-1.0
49.81809,45.017827,input,track,joystick_y,-1.0
49.885366,45.084043,input,track,joystick_y,-1.0
49.919157,45.118365,input,track,joystick_y,-1.0
49.9522,45.151404,input,track,joystick_y,-1.0
49.984712,45.184503,input,track,joystick_y,-1.0
50.017966,45.217696,input,track,joystick_y,-1.0
50.051195,45.251022,input,track,joystick_y,-1.0
50.085882,45.284518,input,track,joystick_y,-1.0
50.118177,45.317836,input,track,joystick_y,-1.0
50.151324,45.350966,input,track,joystick_y,-1.0
50.184833,45.384507,input,track,joystick_y,-1.0
50.218065,45.417642,input,track,joystick_y,-1.0
50.25153,45.450921,input,track,joystick_y,-0.75
50.285875,45.484971,input,track,joystick_y,-0.25
50.317986,45.517601,input,track,joystick_y,0.0
50.351244,45.550957,input,track,joystick_y,0.0
50.384836,45.584337,input,track,joystick_y,0.0
50.418077,45.617555,input,track,joystick_y,0.0
50.45115,45.650901,input,track,joystick_y,0.0
50.484622,45.68435,input,track,joystick_y,0.0
50.517852,45.717467,input,track,joystick_y,0.0
50.55177,45.751187,input,track,joystick_y,0.0
50.585148,45.784311,input,track,joystick_y,0.0
50.618816,45.818296,input,track,joystick_y,0.0
50.652191,45.851437,input,track,joystick_y,0.0
50.68493,45.884431,input,track,joystick_y,0.0
50.718375,45.917751,input,track,joystick_y,0.0
50.751536,45.950782,input,track,joystick_y,0.0
50.784211,45.984041,input,track,joystick_y,0.0
50.817462,46.017404,input,track,joystick_y,0.0
50.851384,46.050797,input,track,joystick_y,0.0
50.884766,46.084297,input,track,joystick_y,0.0
50.91858,46.117718,input,track,joystick_y,0.0
50.950776,46.150711,input,track,joystick_y,0.0
50.98419,46.184025,input,track,joystick_y,0.0
51.017433,46.217334,input,track,joystick_y,0.0
51.051059,46.250691,input,track,joystick_y,0.0
51.084282,46.283969,input,track,joystick_y,0.0
51.117946,46.317444,input,track,joystick_y,0.0
51.151152,46.350629,input,track,joystick_y,0.0
51.184539,46.384085,input,track,joystick_y,0.0
51.217543,46.41728,input,track,joystick_y,0.0
51.251728,46.450962,input,track,joystick_y,0.0
51.284305,46.483935,input,track,joystick_y,0.0
51.317641,46.517239,input,track,joystick_y,0.0
51.351458,46.550565,input,track,joystick_y,0.0
51.383951,46.583826,input,track,joystick_y,0.0
51.419549,46.617214,input,track,joystick_y,0.0
51.451033,46.650806,input,track,joystick_y,0.0
51.484998,46.683854,input,track,joystick_y,0.0
51.517711,46.717284,input,track,joystick_y,0.0
51.551016,46.750509,input,track,joystick_y,0.0
51.585277,46.784782,input,track,joystick_y,0.25
51.618313,46.81781,input,track,joystick_y,1.0
51.651588,46.851229,input,track,joystick_y,1.0
51.685237,46.88494,input,track,joystick_y,1.0
51.717718,46.917387,input,track,joystick_y,1.0
51.75163,46.950869,input,track,joystick_y,1.0
51.784992,46.984262,input,track,joystick_y,1.25
51.818018,47.017569,input,track,joystick_y,1.25
51.851307,47.05075,input,track,joystick_y,1.25
51.884461,47.083892,input,track,joystick_y,1.25
51.917484,47.117063,input,track,joystick_y,1.25
51.950786,47.150346,input,track,joystick_y,1.25
51.984461,47.183824,input,track,joystick_y,1.25
52.017359,47.217034,input,track,joystick_y,1.25
52.050604,47.250336,input,track,joystick_y,1.25
52.084326,47.28371,input,track,joystick_y,1.25
52.117024,47.316993,input,track,joystick_y,1.25
52.150571,47.350337,input,track,joystick_y,1.25
52.183818,47.383632,input,track,joystick_y,1.25
52.217812,47.41694,input,track,joystick_y,1.25
52.251152,47.450334,input,track,joystick_y,1.25
52.284748,47.483769,input,track,joystick_y,1.25
52.317375,47.516926,input,track,joystick_y,1.25
52.351576,47.551138,input,track,joystick_y,1.25
52.385027,47.584295,input,track,joystick_y,1.25
52.418119,47.617672,input,track,joystick_y,1.25
52.451606,47.65124,input,track,joystick_y,1.25
52.484315,47.684075,input,track,joystick_y,2.0
52.518173,47.717769,input,track,joystick_y,2.5
52.551261,47.750942,input,track,joystick_y,3.0
52.58484,47.784468,input,track,joystick_y,3.0
52.617978,47.816878,input,track,joystick_y,3.0
52.650251,47.850162,input,track,joystick_y,3.0
52.683766,47.883488,input,track,joystick_y,3.0
52.717296,47.916819,input,track,joystick_y,3.0
52.750835,47.950077,input,track,joystick_y,3.0
52.78354,47.9834,input,track,joystick_y,3.0
52.817259,48.016816,input,track,joystick_y,2.75
52.851241,48.050822,input,track,joystick_y,2.25
52.883875,48.083436,input,track,joystick_y,2.25
52.918408,48.117591,input,track,joystick_y,2.0
52.951973,48.151387,input,track,joystick_y,1.5
52.98568,48.184703,input,track,joystick_y,1.0
53.018545,48.218037,input,track,joystick_y,0.75
53.05161,48.250288,input,track,joystick_y,0.75
53.084646,48.28417,input,track,joystick_y,0.75
53.117873,48.317567,input,track,joystick_y,0.75
53.150177,48.350048,input,track,joystick_y,0.75
53.184297,48.383862,input,track,joystick_y,0.75
53.21767,48.417306,input,track,joystick_y,0.75
53.251526,48.450505,input,track,joystick_y,0.75
53.283439,48.483305,input,track,joystick_y,0.75
53.317063,48.516653,input,track,joystick_y,0.75
53.350983,48.550685,input,track,joystick_y,0.25
53.384292,48.583958,input,track,joystick_y,0.0
53.419922,48.617878,input,track,joystick_y,-1.0
53.451673,48.65083,input,track,joystick_y,-1.75
53.48404,48.683716,input,track,joystick_y,-2.25
53.517757,48.717478,input,track,joystick_y,-2.75
53.551124,48.750637,input,track,joystick_y,-3.0
53.583933,48.783186,input,track,joystick_y,-3.0
53.617119,48.816614,input,track,joystick_y,-3.0
53.65089,48.850428,input,track,joystick_y,-3.0
53.684351,48.883949,input,track,joystick_y,-3.0
53.717684,48.91732,input,track,joystick_y,-3.0
53.750907,48.950432,input,track,joystick_y,-3.0
53.783132,48.983036,input,track,joystick_y,-3.0
53.818012,49.016482,input,track,joystick_y,-3.0
53.850607,49.049901,input,track,joystick_y,-3.0
53.885269,49.083743,input,track,joystick_y,-3.0
53.91756,49.117087,input,track,joystick_y,-1.75
53.950787,49.150402,input,track,joystick_y,-1.25
53.984235,49.183804,input,track,joystick_y,-1.0
54.016876,49.216318,input,track,joystick_y,-0.75
54.05108,49.25047,input,track,joystick_y,-0.75
54.084406,49.283351,input,track,joystick_y,-0.75
54.118172,49.317783,input,track,joystick_y,-0.75
54.151938,49.351363,input,track,joystick_y,-1.0
54.185955,49.385704,input,track,joystick_y,-1.0
54.21807,49.417516,input,track,joystick_y,-1.0
54.251641,49.45097,input,track,joystick_y,-1.0
54.284039,49.483651,input,track,joystick_y,-1.0
54.317142,49.516427,input,track,joystick_y,-1.0
54.34972,49.549527,input,track,joystick_y,-1.0
54.383431,49.582876,input,track,joystick_y,-1.0
54.416719,49.616323,input,track,joystick_y,-1.0
54.4498,49.649518,input,track,joystick_y,-1.0
54.483895,49.683608,input,track,joystick_y,-1.0
54.516394,49.716187,input,track,joystick_y,-1.0
54.550016,49.749446,input,track,joystick_y,-1.0
54.584493,49.783931,input,track,joystick_y,-1.0
54.616288,49.816072,input,track,joystick_y,-1.0
54.649623,49.849392,input,track,joystick_y,-1.0
54.683009,49.882853,input,track,joystick_y,-1.0
54.716663,49.916233,input,track,joystick_y,-1.0
54.750944,49.949475,input,track,joystick_y,-1.0
54.783238,49.982728,input,track,joystick_y,-1.0
54.816654,50.016397,input,track,joystick_y,-1.0
54.849961,50.04947,input,track,joystick_y,-1.0
54.883105,50.08266,input,track,joystick_y,-1.0
54.916823,50.11601,input,track,joystick_y,-1.0
54.950673,50.149698,input,track,joystick_y,-1.0
54.983082,50.182629,input,track,joystick_y,-1.0
55.017219,50.216894,input,track,joystick_y,-1.0
55.049821,50.249325,input,track,joystick_y,-1.0
55.083154,50.28258,input,track,joystick_y,-1.0
55.116382,50.315983,input,track,joystick_y,-1.0
55.150454,50.349324,input,track,joystick_y,-1.0
55.183326,50.382678,input,track,joystick_y,-1.0
55.216617,50.416113,input,track,joystick_y,-1.0
55.250386,50.449697,input,track,joystick_y,-1.0
55.283587,50.482944,input,track,joystick_y,-1.0
55.317413,50.516365,input,track,joystick_y,-1.0
55.349725,50.549326,input,track,joystick_y,-1.0
55.383846,50.582656,input,track,joystick_y,-1.0
55.416284,50.615837,input,track,joystick_y,-1.0
55.44952,50.649148,input,track,joystick_y,-1.0
55.482698,50.682575,input,track,joystick_y,-1.0
55.516124,50.71589,input,track,joystick_y,-1.0
55.54943,50.7491,input,track,joystick_y,-1.0
55.582766,50.782483,input,track,joystick_y,-1.0
55.615864,50.815768,input,track,joystick_y,-1.0
55.649612,50.84919,input,track,joystick_y,-1.0
55.683045,50.882498,input,track,joystick_y,-1.0
55.716044,50.915751,input,track,joystick_y,-1.0
55.749915,50.94925,input,track,joystick_y,-1.0
55.782929,50.982523,input,track,joystick_y,-1.0
55.817529,51.01574,input,track,joystick_y,-1.0
55.84909,51.049001,input,track,joystick_y,-1.0
55.882593,51.082309,input,track,joystick_y,-1.0
55.916442,51.115862,input,track,joystick_y,-1.0
55.949632,51.149121,input,track,joystick_y,-1.0
55.982985,51.182387,input,track,joystick_y,-1.0
56.016217,51.215707,input,track,joystick_y,-1.0
56.049601,51.249072,input,track,joystick_y,-1.0
56.083366,51.282423,input,track,joystick_y,-1.0
56.116228,51.315604,input,track,joystick_y,-1.0
56.149992,51.349324,input,track,joystick_y,-1.0
56.182645,51.382193,input,track,joystick_y,-1.0
56.216646,51.415601,input,track,joystick_y,-1.0
56.250249,51.448928,input,track,joystick_y,-1.0
56.283379,51.482269,input,track,joystick_y,-1.0
56.316588,51.516226,input,track,joystick_y,-1.0
56.350176,51.549662,input,track,joystick_y,-0.25
56.384264,51.584406,input,track,joystick_y,1.5
56.417975,51.617049,input,track,joystick_y,3.0
56.451227,51.650114,input,track,joystick_y,3.75
56.483052,51.682401,input,track,joystick_y,4.0
56.516409,51.715601,input,track,joystick_y,4.0
56.54967,51.74922,input,track,joystick_y,4.0
56.582558,51.782152,input,track,joystick_y,4.25
56.616582,51.816207,input,track,joystick_y,5.0
56.651256,51.850802,input,track,joystick_y,6.25
56.683304,51.882795,input,track,joystick_y,7.0
56.716427,51.916057,input,track,joystick_y,7.0
56.749752,51.949194,input,track,joystick_y,7.25
56.782317,51.982078,input,track,joystick_y,7.25
56.817263,52.01536,input,track,joystick_y,7.25
56.849144,52.048713,input,track,joystick_y,7.25
56.882253,52.081983,input,track,joystick_y,7.25
56.916032,52.115396,input,track,joystick_y,7.25
56.949694,52.148648,input,track,joystick_y,7.25
56.982259,52.18191,input,track,joystick_y,7.25
57.016454,52.216064,input,track,joystick_y,7.0
57.049939,52.249497,input,track,joystick_y,6.5
57.083834,52.283411,input,track,joystick_y,6.0
57.116957,52.316301,input,track,joystick_y,5.0
57.149539,52.349096,input,track,joystick_y,4.75
57.182294,52.381965,input,track,joystick_y,4.5
57.215707,52.415264,input,track,joystick_y,4.5
57.250448,52.449213,input,track,joystick_y,4.25
57.283083,52.482577,input,track,joystick_y,4.0
57.316279,52.515168,input,track,joystick_y,4.0
57.349092,52.548597,input,track,joystick_y,4.0
57.383051,52.582644,input,track,joystick_y,3.75
57.41638,52.615906,input,track,joystick_y,3.0
57.448853,52.648528,input,track,joystick_y,3.0
57.483043,52.68185,input,track,joystick_y,2.75
57.515778,52.715213,input,track,joystick_y,2.75
57.548847,52.748446,input,track,joystick_y,2.75
57.583265,52.78227,input,track,joystick_y,2.5
57.616675,52.815921,input,track,joystick_y,2.5
57.65013,52.849578,input,track,joystick_y,2.25
57.683966,52.88264,input,track,joystick_y,1.75
57.716718,52.916384,input,track,joystick_y,1.0
57.749598,52.949277,input,track,joystick_y,0.75
57.783072,52.982889,input,track,joystick_y,0.5
57.816982,53.015052,input,track,joystick_y,0.5
57.848423,53.04835,input,track,joystick_y,0.5
57.881978,53.081644,input,track,joystick_y,0.5
57.915481,53.115099,input,track,joystick_y,0.5
57.948333,53.148309,input,track,joystick_y,0.5
57.98195,53.181613,input,track,joystick_y,0.5
58.015246,53.215018,input,track,joystick_y,0.5
58.04838,53.248265,input,track,joystick_y,0.5
58.082779,53.282308,input,track,joystick_y,0.25
58.115621,53.315115,input,track,joystick_y,0.0
58.149333,53.348936,input,track,joystick_y,-0.25
58.182061,53.381743,input,track,joystick_y,-0.5
58.216018,53.415571,input,track,joystick_y,-0.75
58.249393,53.448813,input,track,joystick_y,-1.0
58.282656,53.482216,input,track,joystick_y,-1.5
58.316898,53.515664,input,track,joystick_y,-2.25
58.349457,53.548975,input,track,joystick_y,-3.0
58.382912,53.582141,input,track,joystick_y,-3.25
58.415515,53.614771,input,track,joystick_y,-3.5
58.448791,53.648376,input,track,joystick_y,-3.5
58.482601,53.681587,input,track,joystick_y,-3.5
58.515074,53.714777,input,track,joystick_y,-3.5
58.54861,53.748108,input,track,joystick_y,-3.5
58.582074,53.781492,input,track,joystick_y,-3.5
58.617397,53.817205,input,track,joystick_y,-3.0
58.649241,53.848777,input,track,joystick_y,-2.0
58.682643,53.882155,input,track,joystick_y,-0.75
58.716907,53.916588,input,track,joystick_y,-0.25
58.751263,53.949634,input,track,joystick_y,0.0
58.782426,53.98178,input,track,joystick_y,0.25
58.816382,54.014857,input,track,joystick_y,0.25
58.848756,54.048124,input,track,joystick_y,0.25
58.882221,54.081569,input,track,joystick_y,0.25
58.915108,54.114591,input,track,joystick_y,0.25
58.948268,54.147928,input,track,joystick_y,0.25
58.98146,54.181341,input,track,joystick_y,0.25
59.015123,54.214654,input,track,joystick_y,0.25
59.048433,54.247933,input,track,joystick_y,0.25
59.081521,54.281318,input,track,joystick_y,0.25
59.114731,54.314583,input,track,joystick_y,0.25
59.148318,54.348129,input,track,joystick_y,0.25
59.181841,54.381346,input,track,joystick_y,0.25
59.214756,54.414542,input,track,joystick_y,0.25
59.248345,54.447936,input,track,joystick_y,0.25
59.281325,54.481195,input,track,joystick_y,0.25
59.315409,54.514969,input,track,joystick_y,0.75
59.349017,54.548571,input,track,joystick_y,0.75
59.382329,54.581127,input,track,joystick_y,0.75
59.415275,54.614499,input,track,joystick_y,0.75
59.450634,54.648509,input,track,joystick_y,1.0
59.48174,54.681176,input,track,joystick_y,1.0
59.515439,54.714824,input,track,joystick_y,1.0
59.547937,54.747762,input,track,joystick_y,1.0
59.583377,54.782212,input,track,joystick_y,1.0
59.615462,54.814707,input,track,joystick_y,1.0
59.648483,54.847704,input,track,joystick_y,1.0
59.681487,54.881081,input,track,joystick_y,1.0
59.714736,54.914471,input,track,joystick_y,1.0
59.748548,54.947726,input,track,joystick_y,1.0
59.781404,54.981119,input,track,joystick_y,1.0
59.815659,55.014315,input,track,joystick_y,1.0
59.847902,55.047678,input,track,joystick_y,1.0
59.881492,55.081002,input,track,joystick_y,1.0
59.915609,55.114674,input,track,joystick_y,1.0
59.948705,55.148049,input,track,joystick_y,1.0
59.982002,55.181399,input,track,joystick_y,1.0
60.015427,55.214711,input,track,joystick_y,1.0
60.048528,55.247974,input,track,joystick_y,1.0
60.082391,55.281613,input,track,joystick_y,1.0
60.114424,55.314267,input,track,joystick_y,1.0
60.147773,55.347662,input,track,joystick_y,1.0
60.181686,55.381279,input,track,joystick_y,1.0
60.214963,55.414359,input,track,joystick_y,1.0
60.248095,55.447511,input,track,joystick_y,1.0
60.281556,55.4811,input,track,joystick_y,1.0
60.314625,55.514271,input,track,joystick_y,1.0
60.347761,55.547599,input,track,joystick_y,1.0
60.380924,55.580796,input,track,joystick_y,1.0
60.415376,55.614245,input,track,joystick_y,1.0
60.447823,55.647471,input,track,joystick_y,1.0
60.481112,55.680756,input,track,joystick_y,1.0
60.514468,55.714211,input,track,joystick_y,1.0
60.54803,55.747488,input,track,joystick_y,1.0
60.581523,55.780749,input,track,joystick_y,1.0
60.614408,55.814166,input,track,joystick_y,1.0
60.64761,55.847345,input,track,joystick_y,1.0
60.680846,55.880736,input,track,joystick_y,1.0
60.714516,55.914001,input,track,joystick_y,1.0
60.748227,55.947338,input,track,joystick_y,1.0
60.782108,55.98104,input,track,joystick_y,1.0
60.815397,56.014017,input,track,joystick_y,1.0
60.848409,56.047292,input,track,joystick_y,1.0
60.880966,56.080711,input,track,joystick_y,1.0
60.914541,56.113949,input,track,joystick_y,1.0
60.947488,56.147232,input,track,joystick_y,1.0
60.981,56.180667,input,track,joystick_y,1.0
61.014139,56.213896,input,track,joystick_y,1.0
61.047541,56.247219,input,track,joystick_y,1.0
61.081713,56.280687,input,track,joystick_y,1.0
61.115363,56.314415,input,track,joystick_y,1.0
61.148511,56.3478,input,track,joystick_y,1.0
61.181328,56.380774,input,track,joystick_y,1.0
61.215469,56.41424,input,track,joystick_y,1.0
61.247693,56.44735,input,track,joystick_y,1.0
61.281547,56.480483,input,track,joystick_y,1.0
61.314027,56.513813,input,track,joystick_y,1.0
61.347318,56.547119,input,track,joystick_y,1.0
61.381718,56.581323,input,track,joystick_y,1.0
61.415769,56.615195,input,track,joystick_y,1.0
61.44725,56.64708,input,track,joystick_y,1.0
61.481293,56.680434,input,track,joystick_y,1.0
61.513953,56.713876,input,track,joystick_y,1.0
61.547523,56.747198,input,track,joystick_y,1.0
61.5809,56.780368,input,track,joystick_y,1.0
61.614195,56.813704,input,track,joystick_y,1.0
61.647506,56.847192,input,track,joystick_y,1.0
61.681015,56.880577,input,track,joystick_y,1.0
61.7149,56.913774,input,track,joystick_y,1.0
61.747477,56.946934,input,track,joystick_y,1.0
61.78051,56.980254,input,track,joystick_y,1.0
61.815115,57.013861,input,track,joystick_y,1.0
61.847174,57.046908,input,track,joystick_y,1.0
61.880484,57.080225,input,track,joystick_y,1.0
61.914096,57.113579,input,track,joystick_y,1.0
61.947486,57.147149,input,track,joystick_y,1.0
61.980847,57.180284,input,track,joystick_y,1.0
62.014059,57.213504,input,track,joystick_y,1.0
62.047201,57.24689,input,track,joystick_y,1.0
62.080808,57.280214,input,track,joystick_y,1.0
62.115232,57.315021,input,track,joystick_y,0.75
62.148665,57.347709,input,track,joystick_y,0.75
62.180343,57.380159,input,track,joystick_y,0.75
62.214898,57.41418,input,track,joystick_y,0.75
62.248541,57.447727,input,track,joystick_y,0.75
62.281214,57.480532,input,track,joystick_y,0.75
62.315051,57.51451,input,track,joystick_y,0.5
62.347163,57.546824,input,track,joystick_y,0.5
62.380701,57.580176,input,track,joystick_y,0.5
62.414294,57.613465,input,track,joystick_y,0.5
62.446965,57.64675,input,track,joystick_y,0.5
62.480302,57.680149,input,track,joystick_y,0.5
62.514034,57.713556,input,track,joystick_y,0.5
62.547125,57.746782,input,track,joystick_y,0.5
62.580951,57.780039,input,track,joystick_y,0.5
62.613526,57.813378,input,track,joystick_y,0.5
62.647986,57.846891,input,track,joystick_y,0.5
62.680461,57.880036,input,track,joystick_y,0.5
62.7139,57.913417,input,track,joystick_y,0.5
62.747378,57.946808,input,track,joystick_y,0.5
62.78158,57.980135,input,track,joystick_y,0.5
62.8145,58.013256,input,track,joystick_y,0.5
62.847292,58.046807,input,track,joystick_y,0.5
62.880246,58.079935,input,track,joystick_y,0.5
62.914084,58.113329,input,track,joystick_y,0.5
62.947196,58.146678,input,track,joystick_y,0.5
62.980543,58.17985,input,track,joystick_y,0.5
63.013815,58.21334,input,track,joystick_y,0.5
63.046953,58.246618,input,track,joystick_y,0.5
63.080388,58.27986,input,track,joystick_y,0.5
63.113536,58.313214,input,track,joystick_y,0.5
63.147558,58.347234,input,track,joystick_y,0.5
63.180452,58.379809,input,track,joystick_y,0.5
63.215812,58.414388,input,track,joystick_y,0.5
63.247695,58.447204,input,track,joystick_y,0.5
63.280491,58.480201,input,track,joystick_y,0.5
63.314335,58.513579,input,track,joystick_y,0.5
63.347729,58.546701,input,track,joystick_y,0.5
63.380762,58.580099,input,track,joystick_y,0.5
63.41467,58.613792,input,track,joystick_y,0.5
63.44763,58.646979,input,track,joystick_y,0.5
63.484927,58.68056,input,track,joystick_y,0.5
63.514443,58.712809,input,track,joystick_y,0.5
63.547877,58.747076,input,track,joystick_y,0.5
63.582074,58.781058,input,track,joystick_y,0.5
63.614869,58.812983,input,track,joystick_y,0.5
63.649309,58.846969,input,track,joystick_y,0.5
63.679619,58.879009,input,track,joystick_y,0.5
63.713704,58.913468,input,track,joystick_y,0.5
63.746979,58.946765,input,track,joystick_y,0.5
63.780882,58.980224,input,track,joystick_y,0.5
63.814397,59.01342,input,track,joystick_y,0.5
63.847451,59.046829,input,track,joystick_y,0.5
63.879536,59.079569,input,track,joystick_y,0.5
63.91371,59.113501,input,track,joystick_y,0.5
63.94674,59.146343,input,track,joystick_y,0.5
63.979568,59.17963,input,track,joystick_y,0.5
64.013434,59.21332,input,track,joystick_y,0.5
64.047051,59.246739,input,track,joystick_y,0.5
64.081009,59.279933,input,track,joystick_y,0.5
64.114854,59.3132,input,track,joystick_y,0.5
64.146953,59.346205,input,track,joystick_y,0.5
64.180313,59.379642,input,track,joystick_y,0.5
64.214135,59.413316,input,track,joystick_y,0.5
64.247594,59.446709,input,track,joystick_y,0.5
64.281504,59.479639,input,track,joystick_y,0.5
64.313777,59.513325,input,track,joystick_y,0.5
64.347621,59.546927,input,track,joystick_y,0.5
64.37946,59.57945,input,track,joystick_y,0.5
64.413483,59.612713,input,track,joystick_y,0.5
64.447736,59.646805,input,track,joystick_y,0.5
64.479701,59.679519,input,track,joystick_y,0.5
64.513773,59.712741,input,track,joystick_y,0.5
64.546144,59.746014,input,track,joystick_y,0.5
64.579729,59.779421,input,track,joystick_y,0.5
64.615359,59.813399,input,track,joystick_y,0.5
64.647529,59.84655,input,track,joystick_y,0.5
64.681718,59.880566,input,track,joystick_y,0.5
64.714309,59.913161,input,track,joystick_y,0.5
64.746718,59.946175,input,track,joystick_y,0.5
64.781208,59.979396,input,track,joystick_y,0.5
64.814123,60.01288,input,track,joystick_y,0.5
